dataset_name,bi_gru_reconstruction_DEC,bi_gru_reconstruction_DEPICT,bi_gru_reconstruction_DTCR,bi_gru_reconstruction_GAN,bi_gru_reconstruction_IDEC,bi_gru_reconstruction_None,bi_gru_tripletK10_DEC,bi_gru_tripletK10_DEPICT,bi_gru_tripletK10_DTCR,bi_gru_tripletK10_IDEC,bi_gru_tripletK10_None,bi_gru_tripletK1_DEC,bi_gru_tripletK1_DEPICT,bi_gru_tripletK1_DTCR,bi_gru_tripletK1_IDEC,bi_gru_tripletK1_None,bi_gru_tripletK2_DEC,bi_gru_tripletK2_DEPICT,bi_gru_tripletK2_DTCR,bi_gru_tripletK2_IDEC,bi_gru_tripletK2_None,bi_gru_tripletK5_DEC,bi_gru_tripletK5_DEPICT,bi_gru_tripletK5_DTCR,bi_gru_tripletK5_IDEC,bi_gru_tripletK5_None,bi_gru_tripletKcombined_None,bi_gru_vae_DEC,bi_gru_vae_DEPICT,bi_gru_vae_DTCR,bi_gru_vae_IDEC,bi_lstm_reconstruction_DEC,bi_lstm_reconstruction_DEPICT,bi_lstm_reconstruction_DTCR,bi_lstm_reconstruction_GAN,bi_lstm_reconstruction_IDEC,bi_lstm_reconstruction_None,bi_lstm_tripletK10_DEC,bi_lstm_tripletK10_DEPICT,bi_lstm_tripletK10_DTCR,bi_lstm_tripletK10_IDEC,bi_lstm_tripletK10_None,bi_lstm_tripletK1_DEC,bi_lstm_tripletK1_DEPICT,bi_lstm_tripletK1_DTCR,bi_lstm_tripletK1_IDEC,bi_lstm_tripletK1_None,bi_lstm_tripletK2_DEC,bi_lstm_tripletK2_DEPICT,bi_lstm_tripletK2_DTCR,bi_lstm_tripletK2_IDEC,bi_lstm_tripletK2_None,bi_lstm_tripletK5_DEC,bi_lstm_tripletK5_DEPICT,bi_lstm_tripletK5_DTCR,bi_lstm_tripletK5_IDEC,bi_lstm_tripletK5_None,bi_lstm_tripletKcombined_None,bi_lstm_vae_DEC,bi_lstm_vae_DEPICT,bi_lstm_vae_DTCR,bi_lstm_vae_IDEC,bi_lstm_vae_None,bi_rnn_reconstruction_DEC,bi_rnn_reconstruction_DEPICT,bi_rnn_reconstruction_DTCR,bi_rnn_reconstruction_GAN,bi_rnn_reconstruction_IDEC,bi_rnn_reconstruction_None,bi_rnn_tripletK10_DEC,bi_rnn_tripletK10_DEPICT,bi_rnn_tripletK10_DTCR,bi_rnn_tripletK10_IDEC,bi_rnn_tripletK10_None,bi_rnn_tripletK1_DEC,bi_rnn_tripletK1_DEPICT,bi_rnn_tripletK1_DTCR,bi_rnn_tripletK1_IDEC,bi_rnn_tripletK1_None,bi_rnn_tripletK2_DEC,bi_rnn_tripletK2_DEPICT,bi_rnn_tripletK2_DTCR,bi_rnn_tripletK2_IDEC,bi_rnn_tripletK2_None,bi_rnn_tripletK5_DEC,bi_rnn_tripletK5_DEPICT,bi_rnn_tripletK5_DTCR,bi_rnn_tripletK5_IDEC,bi_rnn_tripletK5_None,bi_rnn_tripletKcombined_None,bi_rnn_vae_DEC,bi_rnn_vae_DEPICT,bi_rnn_vae_DTCR,bi_rnn_vae_IDEC,dilated_cnn_joint_DEC,dilated_cnn_joint_DEPICT,dilated_cnn_joint_DTCR,dilated_cnn_joint_IDEC,dilated_cnn_joint_None,dilated_cnn_joint_SDCN,dilated_cnn_reconstruction_DEC,dilated_cnn_reconstruction_DEPICT,dilated_cnn_reconstruction_DTCR,dilated_cnn_reconstruction_GAN,dilated_cnn_reconstruction_IDEC,dilated_cnn_reconstruction_None,dilated_cnn_reconstruction_SDCN,dilated_cnn_tripletK10_DEC,dilated_cnn_tripletK10_DEPICT,dilated_cnn_tripletK10_DTCR,dilated_cnn_tripletK10_IDEC,dilated_cnn_tripletK10_None,dilated_cnn_tripletK10_SDCN,dilated_cnn_tripletK1_DEC,dilated_cnn_tripletK1_DEPICT,dilated_cnn_tripletK1_DTCR,dilated_cnn_tripletK1_IDEC,dilated_cnn_tripletK1_None,dilated_cnn_tripletK1_SDCN,dilated_cnn_tripletK2_DEC,dilated_cnn_tripletK2_DEPICT,dilated_cnn_tripletK2_DTCR,dilated_cnn_tripletK2_IDEC,dilated_cnn_tripletK2_None,dilated_cnn_tripletK2_SDCN,dilated_cnn_tripletK5_DEC,dilated_cnn_tripletK5_DEPICT,dilated_cnn_tripletK5_DTCR,dilated_cnn_tripletK5_IDEC,dilated_cnn_tripletK5_None,dilated_cnn_tripletK5_SDCN,dilated_cnn_tripletKcombined_None,dilated_cnn_vae_DEC,dilated_cnn_vae_DEPICT,dilated_cnn_vae_DTCR,dilated_cnn_vae_IDEC,dilated_cnn_vae_None,dilated_cnn_vae_SDCN,dilated_rnn_reconstruction_DEC,dilated_rnn_reconstruction_DEPICT,dilated_rnn_reconstruction_DTCR,dilated_rnn_reconstruction_IDEC,dilated_rnn_reconstruction_None,dilated_rnn_tripletK10_DEC,dilated_rnn_tripletK10_DEPICT,dilated_rnn_tripletK10_DTCR,dilated_rnn_tripletK10_IDEC,dilated_rnn_tripletK10_None,dilated_rnn_tripletK1_DEC,dilated_rnn_tripletK1_DEPICT,dilated_rnn_tripletK1_DTCR,dilated_rnn_tripletK1_IDEC,dilated_rnn_tripletK1_None,dilated_rnn_tripletK2_DEC,dilated_rnn_tripletK2_DEPICT,dilated_rnn_tripletK2_DTCR,dilated_rnn_tripletK2_IDEC,dilated_rnn_tripletK2_None,dilated_rnn_tripletK5_DEC,dilated_rnn_tripletK5_DEPICT,dilated_rnn_tripletK5_DTCR,dilated_rnn_tripletK5_IDEC,dilated_rnn_tripletK5_None,dilated_rnn_tripletKcombined_None,fcnn_joint_DEC,fcnn_joint_DEPICT,fcnn_joint_DTCR,fcnn_joint_IDEC,fcnn_joint_None,fcnn_joint_SDCN,fcnn_reconstruction_DEC,fcnn_reconstruction_DEPICT,fcnn_reconstruction_DTCR,fcnn_reconstruction_GAN,fcnn_reconstruction_IDEC,fcnn_reconstruction_None,fcnn_reconstruction_SDCN,fcnn_tripletK10_DEC,fcnn_tripletK10_DEPICT,fcnn_tripletK10_DTCR,fcnn_tripletK10_IDEC,fcnn_tripletK10_None,fcnn_tripletK10_SDCN,fcnn_tripletK1_DEC,fcnn_tripletK1_DEPICT,fcnn_tripletK1_DTCR,fcnn_tripletK1_IDEC,fcnn_tripletK1_None,fcnn_tripletK1_SDCN,fcnn_tripletK2_DEC,fcnn_tripletK2_DEPICT,fcnn_tripletK2_DTCR,fcnn_tripletK2_IDEC,fcnn_tripletK2_None,fcnn_tripletK2_SDCN,fcnn_tripletK5_DEC,fcnn_tripletK5_DEPICT,fcnn_tripletK5_DTCR,fcnn_tripletK5_IDEC,fcnn_tripletK5_None,fcnn_tripletK5_SDCN,fcnn_tripletKcombined_None,fcnn_vae_DEC,fcnn_vae_DEPICT,fcnn_vae_DTCR,fcnn_vae_IDEC,fcnn_vae_None,fcnn_vae_SDCN,mlp_joint_DEC,mlp_joint_DEPICT,mlp_joint_DTCR,mlp_joint_IDEC,mlp_joint_None,mlp_joint_SDCN,mlp_reconstruction_DEC,mlp_reconstruction_DEPICT,mlp_reconstruction_DTCR,mlp_reconstruction_GAN,mlp_reconstruction_IDEC,mlp_reconstruction_None,mlp_reconstruction_SDCN,mlp_tripletK10_DEC,mlp_tripletK10_DEPICT,mlp_tripletK10_IDEC,mlp_tripletK10_None,mlp_tripletK10_SDCN,mlp_tripletK1_DEC,mlp_tripletK1_DEPICT,mlp_tripletK1_IDEC,mlp_tripletK1_None,mlp_tripletK1_SDCN,mlp_tripletK2_DEC,mlp_tripletK2_DEPICT,mlp_tripletK2_IDEC,mlp_tripletK2_None,mlp_tripletK2_SDCN,mlp_tripletK5_DEC,mlp_tripletK5_DEPICT,mlp_tripletK5_IDEC,mlp_tripletK5_None,mlp_tripletK5_SDCN,mlp_tripletKcombined_None,mlp_vae_DEC,mlp_vae_DEPICT,mlp_vae_IDEC,mlp_vae_None,mlp_vae_SDCN,res_cnn_joint_DEC,res_cnn_joint_DEPICT,res_cnn_joint_DTCR,res_cnn_joint_IDEC,res_cnn_joint_None,res_cnn_joint_SDCN,res_cnn_reconstruction_DEC,res_cnn_reconstruction_DEPICT,res_cnn_reconstruction_DTCR,res_cnn_reconstruction_GAN,res_cnn_reconstruction_IDEC,res_cnn_reconstruction_None,res_cnn_reconstruction_SDCN,res_cnn_tripletK10_DEC,res_cnn_tripletK10_DEPICT,res_cnn_tripletK10_DTCR,res_cnn_tripletK10_IDEC,res_cnn_tripletK10_None,res_cnn_tripletK10_SDCN,res_cnn_tripletK1_DEC,res_cnn_tripletK1_DEPICT,res_cnn_tripletK1_DTCR,res_cnn_tripletK1_IDEC,res_cnn_tripletK1_None,res_cnn_tripletK1_SDCN,res_cnn_tripletK2_DEC,res_cnn_tripletK2_DEPICT,res_cnn_tripletK2_DTCR,res_cnn_tripletK2_IDEC,res_cnn_tripletK2_None,res_cnn_tripletK2_SDCN,res_cnn_tripletK5_DEC,res_cnn_tripletK5_DEPICT,res_cnn_tripletK5_DTCR,res_cnn_tripletK5_IDEC,res_cnn_tripletK5_None,res_cnn_tripletK5_SDCN,res_cnn_tripletKcombined_None,res_cnn_vae_DEC,res_cnn_vae_DEPICT,res_cnn_vae_DTCR,res_cnn_vae_IDEC,res_cnn_vae_None,res_cnn_vae_SDCN
ArticularyWordRecognition,0.9332450000000001,0.951095,0.780065,0.87744,0.9521649999999999,0.9337249999999999,0.66732,0.793825,0.6724,0.61566,0.64815,0.67262,0.67822,0.685875,0.683745,0.67962,0.630835,0.686165,0.5477350000000001,0.67565,0.6289750000000001,0.7416050000000001,0.75712,0.645755,0.77652,0.747945,0.825242,0.6798150000000001,0.81518,0.547885,0.80209,0.813434,0.8184319999999999,0.746904,0.734448,0.796996,0.772802,0.8649319999999999,0.81355,0.618084,0.8106920000000001,0.825588,0.7032866666666667,0.7802666666666666,0.49513333333333337,0.69681,0.7040333333333333,0.7600819999999999,0.774572,0.584866,0.758812,0.7506440000000001,0.773902,0.814262,0.6305325,0.720516,0.72652,0.8807200000000001,0.7179080000000001,0.718238,0.6886820000000001,0.7179580000000001,0.7100339999999999,0.924275,0.9353899999999999,0.8584,0.865885,0.940595,0.938765,0.75237,0.7788649999999999,0.6415150000000001,0.658765,0.6924049999999999,0.679755,0.71978,0.6726300000000001,0.657965,0.706895,0.69518,0.658625,0.6496500000000001,0.69211,0.665045,0.677905,0.799215,0.60379,0.6381600000000001,0.67103,0.8156519999999998,0.6682600000000001,0.805865,0.5528150000000001,0.81313,0.953066,0.9378960000000001,0.6077,0.95647,0.939214,0.955486,0.946044,0.9398399999999999,0.5149,0.846246,0.9557800000000001,0.9324119999999999,0.9412900000000001,0.544636,0.539604,0.537266,0.5614,0.541294,0.49849200000000005,0.6005719999999999,0.5783175,0.595132,0.5971440000000001,0.591426,0.4423,0.5574600000000001,0.556084,0.5375,0.567032,0.562612,0.493358,0.559952,0.554908,0.535798,0.560834,0.5598219999999999,0.479054,0.462848,0.679172,0.7268600000000001,0.510938,0.730448,0.6600059999999999,0.755604,0.938608,0.9342840000000001,0.736728,0.9320599999999999,0.9178439999999999,0.7886880000000001,0.868356,0.682736,0.81151,0.8386520000000001,0.8275459999999999,0.768718,0.614112,0.7372479999999999,0.8025179999999998,0.828946,0.802572,0.6058220000000001,0.8149559999999999,0.815298,0.7616959999999999,0.812028,0.6403899999999999,0.80223,0.83134,0.871852,0.95259,0.95997,0.448622,0.96431,0.960932,0.965908,0.927018,0.9367559999999999,0.47471199999999997,0.8743599999999999,0.9383279999999999,0.9243180000000001,0.8899480000000001,0.7231539999999999,0.7967559999999999,0.40799599999999997,0.8108599999999999,0.81334,0.730548,0.6754479999999999,0.678524,0.393262,0.6864039999999999,0.716056,0.5227419999999999,0.6463099999999999,0.7181879999999999,0.38388600000000006,0.6779020000000001,0.692108,0.507252,0.638216,0.788362,0.44375600000000004,0.757142,0.765746,0.706072,0.82168,0.883396,0.8905640000000001,0.517828,0.894078,0.853788,0.916272,0.736412,0.579666,0.5977699999999999,0.7941819999999999,0.9230959999999999,0.920056,0.776234,0.58751,0.552976,0.845972,0.839164,0.92951,0.9065800000000002,0.5825940000000001,,,0.77251,0.49454,,,,,,0.48501,,,0.66941,,0.5463933333333334,,,0.8048333333333333,0.56816,,0.5300320000000001,,,0.87134,0.936925,0.964922,0.9558119999999999,0.4012266666666667,0.9644960000000001,0.9547540000000001,0.9646399999999999,0.8992420000000001,0.9379099999999999,,0.8642540000000001,0.9336160000000001,0.917698,0.902344,0.648354,0.780356,0.483064,0.744708,0.789978,0.75838,0.5494600000000001,0.587934,0.415434,0.591806,0.716044,0.47312,0.6113859999999999,0.619228,0.43152,0.6116900000000001,0.6837979999999999,0.510966,0.5262560000000001,0.669274,0.43145,0.69802,0.719638,0.654966,0.82713,0.805138,0.8930660000000001,,0.8901340000000001,0.770708,0.854396
AtrialFibrillation,0.275515,0.13508,0.08157,0.26941,0.196635,0.176255,0.16009,0.094925,0.137335,0.2339,0.10199,0.278135,0.13933,0.09348,0.120055,0.164195,0.108015,0.19557,0.18156999999999998,0.198,0.040905,0.152815,0.03977,0.17626,0.16950500000000002,0.05967,0.16919599999999999,0.08917,0.25705,0.01107,0.055645,0.111568,0.04886,0.09152800000000001,0.07762000000000001,0.08075399999999999,0.09534400000000001,0.07437,0.071954,0.06855,0.113354,0.086118,0.129752,0.11617999999999999,0.15476399999999998,0.173128,0.174134,0.130948,0.12799,0.081634,0.156036,0.137348,0.148484,0.070074,0.125322,0.080072,0.13264399999999998,0.11276199999999999,0.136656,0.203278,0.129828,0.070208,0.205666,0.30733,0.254145,0.165205,0.22726,0.20176,0.30733,0.040905,0.166055,0.14914,0.12112,0.04862,0.07545,0.123985,0.15975,0.10955999999999999,0.133745,0.12663000000000002,0.04972,0.06807,0.22106,0.29359999999999997,0.10002,0.147465,0.07564499999999999,0.16344,0.14431000000000002,0.07158600000000001,0.131865,0.23455,0.10199,0.223635,0.14946,0.15065,0.093764,0.099438,0.11124800000000001,0.15795399999999998,0.13855199999999998,0.120282,0.042006,0.107328,0.08932799999999999,0.12323199999999998,0.063556,0.03736,0.03736,0.03736,0.03736,0.03736,0.04532,0.03893,0.062248000000000005,0.03893,0.062248000000000005,0.03254,0.055418,0.03893,0.06224800000000001,0.03893,0.06224800000000001,0.03254,0.07396,0.034949999999999995,0.034949999999999995,0.034949999999999995,0.034949999999999995,0.034949999999999995,0.047689999999999996,0.062248000000000005,0.09113600000000001,0.13777199999999998,0.10806399999999998,0.11445399999999999,0.105654,0.08203999999999999,0.178206,0.18276399999999998,0.20346199999999998,0.15504599999999996,0.08884,0.10268999999999999,0.11631,0.16483799999999998,0.07494799999999999,0.05836399999999999,0.162382,0.153152,0.203248,0.09945,0.172506,0.054534000000000006,0.089546,0.165122,0.08895600000000001,0.10979000000000001,0.08511,0.125604,0.099968,0.08798,0.07513399999999999,0.068562,0.11284399999999999,0.067976,0.143465,0.021060000000000002,0.038389999999999994,0.07114000000000001,0.074366,0.031878,0.09711,0.09423999999999999,0.071006,0.09437999999999999,0.041702,0.13208000000000003,0.062002,0.053098,0.062932,0.071336,0.098844,0.094108,0.092976,0.160686,0.10822400000000001,0.095404,0.11493799999999998,0.061562000000000006,0.135138,0.070208,0.04259,0.10366600000000001,0.12310400000000002,0.081024,0.13428,0.08353000000000002,0.052884,0.051891999999999994,0.052478000000000004,0.090226,0.06381800000000001,0.057376,0.098688,0.11980000000000002,0.088314,0.13220800000000002,0.148924,0.13264800000000002,0.180746,0.09225,0.21762399999999998,0.18836599999999998,0.172098,0.05297799999999999,0.157776,0.057831999999999995,0.113148,0.045048,0.155884,,,,,,,,,,,,,,,,,,,,,,0.186488,0.11796,0.134362,0.14700000000000002,0.10026000000000002,0.12366600000000001,0.026556000000000003,,0.06381800000000001,0.026816,0.08831,0.081628,0.097054,0.22895,0.03648,0.068932,0.09266,0.099624,0.073626,0.10941799999999999,0.09094,0.19147799999999998,0.147728,0.168464,0.12031,0.063946,0.08761400000000001,0.122238,0.14919600000000002,0.12176000000000001,0.158836,0.053008,0.1276,0.049921999999999994,0.08185400000000001,0.08920799999999998,0.081602,0.10390800000000003,0.16216,0.058962,0.062214000000000005,0.06392400000000001,0.11488800000000002,0.09277200000000001,0.093654,0.03977,0.096886,0.080804,0.079542
BasicMotions,0.6014349999999999,0.7274499999999999,0.49888,0.510145,0.74272,0.595,0.286085,0.66649,0.430045,0.32687,0.27751,0.61151,0.6815100000000001,0.32196,0.50595,0.51763,0.6211150000000001,0.69231,0.277365,0.80718,0.462615,0.89577,0.82307,0.33393,0.5162249999999999,0.717315,0.843402,0.9116850000000001,0.73281,0.692415,0.97021,0.988084,0.8436579999999999,0.7007220000000001,0.8762800000000001,0.8772420000000001,0.9214839999999999,0.9406450000000001,0.9048639999999999,0.424226,0.852032,0.738224,0.9644320000000001,0.957648,0.45279600000000003,0.8840925000000001,0.9523140000000001,0.9573260000000001,0.93993,0.507758,1.0,0.8504060000000001,0.906564,0.8400766666666667,0.5012139999999999,0.792906,0.844688,0.801984,0.867868,0.933202,0.865568,0.9403940000000001,0.9053039999999999,0.807375,0.819925,0.649975,0.6055,0.8078799999999999,0.7222949999999999,0.668075,0.47422000000000003,0.41483499999999995,0.804935,0.698615,0.798245,0.818605,0.358565,0.610065,0.7526649999999999,0.40632500000000005,0.810835,0.3139,0.42400499999999997,0.392045,0.651475,0.49862000000000006,0.46950000000000003,0.810505,0.601205,0.855768,1.0,0.939905,0.5637,1.0,0.9336500000000001,0.9523360000000001,0.3874025,0.9334939999999999,0.9404199999999999,0.988084,0.9173500000000001,0.928684,0.352105,0.822794,0.905142,0.928684,0.910156,0.6654519999999999,0.588374,0.48696,0.713758,0.6265320000000001,0.6868139999999999,0.44605999999999996,0.46034600000000003,0.06018,0.458646,0.529198,0.46720799999999996,0.60921,0.39766599999999996,0.16557,0.569642,0.6199839999999999,0.50132,0.660976,0.66389,0.11108666666666665,0.694028,0.5660459999999999,0.5714859999999999,0.6233259999999999,0.8963700000000001,0.862986,0.5880940000000001,0.9040739999999999,0.8978740000000001,0.8810100000000001,0.988084,0.897608,0.38671599999999995,0.9031939999999998,0.9573260000000001,0.90452,0.626088,0.269014,0.522554,0.640752,0.8570180000000001,0.444986,0.20612400000000003,0.7189880000000001,0.62103,0.8441320000000001,0.631348,0.252568,0.65708,0.5482899999999999,0.8791779999999999,0.661098,0.30742250000000004,0.581808,0.53901,0.713176,1.0,1.0,0.4367375,0.957648,0.9695640000000001,0.976168,0.972348,0.988084,0.659068,0.976168,1.0,0.9504000000000001,0.981158,0.881814,0.988084,0.731982,0.988084,0.911154,0.9644320000000001,1.0,1.0,0.448102,0.9700199999999999,0.969242,0.9125399999999999,1.0,0.957648,0.384562,0.988084,0.988084,0.95229,1.0,0.976168,0.43936200000000003,0.9695640000000001,0.976168,0.988084,1.0,0.922472,1.0,0.7599759999999999,0.9573260000000001,0.969242,1.0,0.46954599999999996,0.37537000000000004,0.27246,0.31743,0.232574,0.341434,0.533942,0.390538,0.3689525,0.315642,0.376684,0.41447400000000006,0.378232,,,,,,,,,,,,,,,,,,,,,,0.69785,,,0.75509,,0.763562,0.896096,0.266015,0.9336500000000001,0.9504000000000001,0.851072,0.808152,0.892568,,0.833606,0.981158,0.9336040000000001,0.9384840000000001,0.775952,0.9695640000000001,0.61736,1.0,0.94847,0.9602260000000001,0.883216,0.988084,0.35664999999999997,0.957648,0.964806,0.84719,1.0,0.988084,0.466106,1.0,0.9227160000000001,0.9275739999999999,0.8223119999999999,0.9115759999999999,0.443488,1.0,0.9534739999999999,0.934226,1.0,0.988084,0.8483620000000001,0.7543900000000001,0.929468,0.969242,0.94159
Cricket,0.63747,0.741235,0.6721349999999999,,0.7680400000000001,0.6974400000000001,0.808255,0.8153,0.717055,0.731835,0.8141050000000001,0.7037450000000001,0.80368,0.69614,0.6723600000000001,0.752685,0.7877149999999999,0.7600450000000001,0.6909350000000001,0.675565,0.7569,0.814605,0.728475,0.6534,0.820765,0.7615149999999999,0.828422,0.80594,0.6298600000000001,0.63122,0.6459349999999999,0.7885800000000001,0.790602,0.68812,0.79652,0.771464,0.76372,0.8239599999999999,0.797636,0.6241399999999999,0.8082180000000001,0.779314,0.803988,0.77867,0.55507,0.7431779999999999,0.74764,0.840084,0.762092,0.6049680000000001,0.773606,0.7746879999999999,0.743694,0.848492,0.6619539999999999,0.739746,0.7286539999999999,0.809712,0.7273400000000001,0.716998,0.732414,0.7102260000000001,0.6920240000000001,0.657025,0.6684049999999999,0.727275,,0.70429,0.74241,0.79757,0.8025500000000001,0.7117549999999999,0.7939849999999999,0.7680199999999999,0.7314449999999999,0.64896,0.71536,0.70293,0.727375,0.71346,0.722665,0.672355,0.743985,0.72624,0.720065,0.7646999999999999,0.6783049999999999,0.760245,0.6928449999999999,0.745064,0.8300050000000001,0.69818,0.657035,0.6942649999999999,0.949006,0.893914,0.42195,0.907254,0.8880700000000001,0.920936,0.910804,0.8763460000000001,0.39731,0.815234,0.89116,0.87196,0.9029440000000001,0.44191749999999996,0.4437675,0.4588325,0.4605475,0.44328749999999995,0.58873,0.44006,0.4068425,0.44412199999999996,0.47503199999999995,0.44629399999999997,0.5697059999999999,0.53985,0.5118320000000001,0.49927200000000005,0.5263120000000001,0.5207979999999999,0.533212,0.4209325,0.413485,0.40708500000000003,0.46640500000000007,0.43241,0.49722500000000003,0.553688,0.9275399999999999,0.917756,0.706554,0.9145179999999999,0.901022,0.915942,0.9488199999999999,0.908072,0.6863739999999999,0.9377380000000001,0.925108,0.80394,0.8334699999999999,0.6781799999999999,,0.78937,0.7942859999999999,0.811506,0.5892139999999999,0.81906,0.8127639999999999,0.80504,0.8255220000000001,0.5663,0.806038,0.8175239999999999,0.81206,0.847124,0.663066,0.79791,0.82854,0.82894,0.9690300000000001,0.934102,0.6954274999999999,0.9430759999999999,0.921454,0.9146340000000001,0.9723700000000001,0.93796,,0.9122679999999999,0.9528039999999999,0.9520859999999999,0.9417159999999999,0.867786,0.9166399999999999,0.589178,0.9563099999999999,0.9443860000000001,0.93958,0.828038,0.8937000000000002,0.593358,0.881598,0.903298,0.8571899999999999,0.8888299999999999,0.90473,0.566728,0.91959,0.8773,0.918604,0.905926,0.965908,0.5762660000000001,0.913692,0.93774,0.8555400000000001,0.945324,0.9721920000000001,0.945218,0.897678,0.9502919999999999,0.954264,0.943604,0.5716180000000001,0.718284,0.5490200000000001,0.7636339999999999,0.80594,0.791024,0.5572440000000001,0.6562279999999999,0.5873160000000001,0.634302,0.614468,0.680658,0.6731339999999999,,,,,,,,,,,,,,,,,,,,,,,,,,,0.9410740000000001,0.919268,,0.943266,0.9054220000000001,0.9319,0.93417,0.944674,,0.9392619999999999,0.9485979999999999,0.929246,0.944314,0.9207319999999999,0.946726,0.55277,0.915862,0.907996,,0.803202,0.8830639999999998,0.6025020000000001,0.859526,0.8578999999999999,0.864635,0.78571,0.8845959999999999,0.616954,0.8515539999999999,0.883684,,0.858242,0.934274,0.6146259999999999,0.89924,0.9238200000000001,,0.908788,0.870692,0.943576,0.8159066666666668,0.9507099999999999,0.9066219999999999,0.904768
DuckDuckGeese,0.293825,0.305435,0.148255,,0.264355,0.273115,0.197275,0.20768,0.08542,0.22436499999999998,0.189295,0.18214999999999998,0.26078999999999997,0.09121,0.258115,0.18248,0.20733000000000001,0.29354,0.200075,0.225465,0.179505,0.171685,0.133555,0.11405,0.21677000000000002,0.15499,0.234138,0.28027,0.274,0.21659,0.29647999999999997,0.21394799999999997,0.297626,0.227494,0.255452,0.23473800000000003,0.24416600000000002,0.317056,0.314004,0.186762,0.26204400000000005,0.30719599999999997,0.27177799999999996,0.27059599999999995,0.211214,0.285886,0.265914,0.262502,0.30126400000000003,0.155608,0.28091599999999994,0.310612,0.280334,0.232274,0.16527,0.3066,0.314446,0.27500800000000003,0.19184600000000002,0.173514,0.18167799999999998,0.223516,0.20093200000000003,0.33244,0.291435,0.26629,,0.28592,0.290215,0.20244,0.139125,0.131715,0.175495,0.17524,0.230205,0.24089,0.20378000000000002,0.266975,0.221795,0.222275,0.25312999999999997,0.173905,0.167105,0.204245,0.244875,0.21454,0.141755,0.24692999999999998,0.23290500000000003,0.270528,0.186365,0.265495,0.21831,0.291645,0.347928,0.383504,,0.38149,0.35944200000000004,0.376332,0.380844,0.3647699999999999,,0.296242,0.38099800000000006,0.38432600000000006,0.34486799999999995,0.27125499999999997,0.3805325,,0.26444999999999996,0.26436000000000004,0.29962799999999995,0.175228,0.214235,,0.13479599999999997,0.20326,0.224454,0.134602,0.3098,,0.21228599999999997,0.12720800000000002,0.19180599999999998,0.24860750000000004,0.3088433333333333,,0.310834,0.254556,0.27346,0.337608,0.254546,0.2124933333333333,,0.212742,0.23428,0.29523200000000005,0.23663399999999996,0.26005,0.296896,0.329728,0.302388,0.28115,0.39793500000000004,,0.393725,0.36167499999999997,0.26155,,,,0.312642,0.2772025,0.33303,0.17952,,0.3086525,0.3036775,0.31022,,0.29189,0.3739825,0.36422,0.24069600000000002,0.26866399999999996,0.12703,0.28523000000000004,0.291842,0.29606,0.24484999999999996,0.23417400000000002,,0.295506,0.256098,0.248306,0.324246,0.18491200000000002,0.21084999999999998,0.13829799999999998,0.257884,0.277414,0.24805000000000002,0.22994600000000004,0.21564199999999997,0.13614600000000002,0.23399999999999999,0.247382,0.17458400000000002,0.15722,0.20872200000000002,0.17105399999999998,0.24348799999999998,0.255614,0.21155200000000002,0.191664,0.19979799999999998,0.131986,0.26813600000000004,0.193602,0.18358399999999997,0.299694,0.226016,0.27790600000000004,0.1626,0.24240399999999998,0.245568,0.277228,0.05862,,,0.2411,0.28585,0.29164,0.09812,,,0.27325,0.24525,0.237715,0.15835,,,,,,,,,,,,,,,,,,,,,,,,,,,0.16110599999999997,0.252346,0.15088,0.28410399999999997,0.27134,0.27167,0.21115599999999998,0.213502,,0.271506,0.249578,0.305708,0.26634199999999997,0.21504199999999996,0.284124,0.165796,0.22355999999999998,0.28571,0.303008,0.18348,0.23631799999999997,0.126502,0.24801600000000001,0.18182,0.20930400000000002,0.208948,0.20887799999999998,0.09544,0.230238,0.279448,0.24834799999999996,0.20227600000000004,0.195082,0.14442000000000002,0.24442399999999997,0.254598,0.17127799999999999,0.22778400000000004,0.23312,0.276824,,0.276466,0.282776,0.27313200000000004
ERing,0.78504,0.7693099999999999,0.70215,0.765525,0.82238,0.82019,0.8029649999999999,0.6498349999999999,0.55648,0.63618,0.73183,0.66813,0.5695,0.46456,0.54236,0.6427499999999999,0.62778,0.67008,0.46199999999999997,0.671475,0.62758,0.54784,0.725445,0.5264,0.7192149999999999,0.582085,0.725416,0.6638550000000001,0.63064,0.56811,0.64391,0.719946,0.7486659999999998,0.66943,0.7206439999999998,0.746346,0.7765679999999999,0.6934275,0.6729975,0.47384,0.68618,0.6490775000000001,0.555442,0.55404,0.356415,0.5950200000000001,0.5511579999999999,0.6253075,0.6704549999999999,0.38439,0.6659975,0.619844,0.7361125000000001,0.627968,0.51768,0.71394,0.694526,0.7174125,0.6813779999999999,0.753228,0.57372,0.752706,0.746004,0.792545,0.772045,0.698625,0.66032,0.80177,0.78923,0.691255,0.624295,0.444145,0.59754,0.62607,0.610565,0.72278,0.5086649999999999,0.5992500000000001,0.638275,0.61451,0.63629,0.46375999999999995,0.6477649999999999,0.66894,0.694805,0.6763049999999999,0.635025,0.6899299999999999,0.70802,0.752854,0.6580699999999999,0.711465,0.644345,0.68113,0.7689779999999999,0.800244,0.326268,0.777666,0.772218,0.774408,0.766894,0.7822020000000001,0.24941,0.632898,0.786802,0.7634780000000001,0.802384,0.235772,0.16029600000000002,0.146588,0.240068,0.235772,0.308396,0.18948800000000002,0.182666,0.16865249999999998,0.162412,0.18551600000000001,0.34677800000000003,0.156198,0.159822,0.08874400000000002,0.159822,0.156198,0.289288,0.19903400000000002,0.268428,0.19582200000000002,0.232502,0.199456,0.399956,0.35787599999999997,0.334618,0.327386,0.322734,0.331394,0.334618,0.47405600000000003,0.7568199999999999,0.7546139999999999,0.334138,0.7699839999999999,0.7511340000000001,0.6803619999999999,0.4401460000000001,0.11422599999999998,0.24486799999999995,0.21644800000000003,0.645022,0.377305,0.10930600000000001,0.3066875,0.32814,0.589362,0.3343,0.153306,0.24167,0.22623,0.648128,0.37014800000000003,0.11106,0.22692600000000002,0.21434800000000004,0.298844,0.610278,0.754472,0.30712,0.7763,0.7776419999999999,0.741058,0.6312059999999999,0.71216,0.3490166666666667,0.5970500000000001,0.65052,0.64588,0.6487480000000001,0.545392,0.5846540000000001,0.23413999999999996,0.63105,0.637244,0.578266,0.48174400000000006,0.46623400000000004,0.25950799999999996,0.5440780000000001,0.526044,0.5405279999999999,0.527706,0.5075580000000001,0.176692,0.565076,0.537374,0.5079739999999999,0.539934,0.607722,0.284376,0.636504,0.638082,0.537914,0.6609919999999999,0.595724,0.671706,0.595504,0.6361399999999999,0.629382,0.633638,0.650858,0.6337900000000001,0.205834,0.88526,0.8767199999999999,0.846404,0.596256,0.586892,0.16720799999999997,0.87246,0.797288,0.8330279999999999,0.8025819999999999,0.5158200000000001,0.77886,0.640814,0.7368859999999999,0.529806,0.49512500000000004,,0.5548966666666666,0.47641249999999996,0.24855,0.502748,,0.5928766666666666,0.553018,0.3500275,0.5563725,0.6518550000000001,0.65551,0.6522,0.547875,0.7876,0.576162,0.860434,0.842385,0.817132,0.8398999999999999,0.5977159999999999,0.755486,0.1728,0.760612,0.8033159999999999,0.49640199999999995,0.431112,0.610582,,0.5058819999999999,0.5916680000000001,0.57513,0.5323680000000001,0.506982,0.530354,0.269624,0.537206,0.544826,0.570044,0.433036,0.472088,0.18930249999999998,0.509108,0.537582,0.42023399999999994,0.47624000000000005,0.485846,0.25571599999999994,0.45331200000000005,0.510306,0.46513,0.534494,0.5132540000000001,0.291624,0.539344,0.556094,0.505404,0.623874,0.517234,0.652562,,0.5776920000000001,0.589874,0.6442699999999999
EigenWorms,0.06076,0.041322,0.03117,,0.07261,0.06049800000000001,,0.07001,0.07757,,0.06905,,0.068555,,,0.0703425,0.06062,0.043745,0.04604,0.08962,0.052207500000000004,,,,,0.07077333333333334,,,0.07571,,,0.10678000000000001,0.051866,0.061302,0.068406,0.06771999999999999,0.074048,0.151356,0.214158,0.092682,0.21239600000000003,0.183084,0.09598200000000001,0.11758199999999999,0.07746,0.08887,0.085668,0.09209999999999999,0.10888,0.09428399999999999,0.091858,0.10376400000000001,0.1113325,0.130692,0.048272499999999996,0.12485,0.133514,0.177332,0.095764,0.07331,0.05688,0.06601,0.071522,0.02706,0.043494,0.08403,,0.04611,0.052918,,,,,0.09866,0.07356,0.062329999999999997,0.06671,0.065885,0.052624000000000004,,0.078585,,,0.06406,,0.06614,,,0.11642,,,0.07001750000000001,,,,0.189415,,,0.127044,,,0.1722325,,,,0.13738999999999998,,,,,,,,,0.14774,,,0.18238800000000002,,,0.15320999999999999,,,0.145278,,,,,,0.13599,,,,0.14496799999999999,,,0.13424799999999998,,,,,,,,,,,,,,,,,,,,,,,,,,,,,0.21971000000000002,,,0.20840399999999998,,,0.17527600000000002,,,,0.14589400000000002,,,0.4422,,,0.473626,,,0.27504999999999996,,,0.321244,,,0.21669,,,0.41662799999999994,,,0.352596,,,0.490026,,0.50534,,0.181008,,,0.175912,,,0.12208999999999999,,,0.08667666666666667,,,,,,,0.08125750000000001,,,,,,,,,,,,,,,,,,,,,,,,,,,,,0.178896,,,0.162578,,,0.184768,,,,0.162042,,,,,,,,,0.1624,,,0.20622,,,,,,,,,,,,,,,,0.1651,,,0.17304999999999998,
Epilepsy,0.175955,0.200195,0.184085,0.191695,0.18186000000000002,0.206295,0.167435,0.165655,0.09418499999999999,0.22286,0.305785,0.20371499999999998,0.22939500000000002,0.11804,0.167565,0.26415500000000003,0.137735,0.136175,0.18927,0.18828499999999998,0.14412,0.221825,0.29396,0.14947,0.147185,0.207985,0.252602,0.21689999999999998,0.258325,0.1478,0.275055,0.2205,0.24171400000000004,0.273934,0.292238,0.258954,0.31962199999999996,0.22447999999999996,0.39007000000000003,0.342086,0.323226,0.27641799999999994,0.157414,0.22934799999999997,0.314186,0.24222800000000003,0.221496,0.24426799999999999,0.335522,0.292052,0.21806399999999998,0.210046,0.281526,0.31947200000000003,0.272886,0.29728000000000004,0.295912,0.248488,0.284666,0.36156200000000005,0.289336,0.335554,0.31356799999999996,0.1006,0.15285500000000002,0.19672,0.276345,0.08764,0.211995,0.22614,0.264705,0.07915,0.25730000000000003,0.32243,0.20995999999999998,0.145485,0.16409,0.19262,0.187445,0.13505,0.262745,0.082425,0.247905,0.16769,0.15872,0.151565,0.12981,0.18612,0.18853,0.196584,0.16647499999999998,0.19100499999999998,0.12751,0.19233,0.20460799999999998,0.289894,0.12392,0.26920199999999994,0.287048,0.278566,0.160886,0.280278,0.14178000000000002,0.320562,0.289234,0.25856599999999996,0.23293600000000003,0.09133000000000001,0.09133000000000001,0.08865,0.0946125,0.09133000000000001,0.16876,0.08909500000000001,0.08909500000000001,0.085705,0.09,0.08909500000000001,0.144842,0.11136000000000001,0.11136000000000001,0.11136000000000001,0.11136000000000001,0.11136000000000001,0.17020200000000002,0.091974,0.091974,0.08415199999999999,0.087534,0.091974,0.25842200000000004,0.10411999999999999,0.110734,0.110734,0.110734,0.110734,0.10025999999999999,0.27566799999999997,0.173166,0.23953800000000003,0.129992,0.228788,0.24175399999999997,0.215428,0.2596,0.09304199999999999,0.268546,0.220906,0.21985800000000003,0.280682,0.12159800000000001,0.149818,0.145662,0.255766,0.179848,0.118648,0.28344400000000003,0.18575799999999998,0.282498,0.273302,0.081672,0.269936,0.15936599999999998,0.162154,0.18673,0.251392,0.1301875,0.26281800000000005,0.272816,0.2012,0.228106,0.324562,0.11752333333333333,0.34408000000000005,0.28387,0.29458600000000007,0.30703400000000003,0.35819599999999996,0.450136,0.185304,0.422578,0.494158,0.326724,0.353646,0.44841600000000004,0.181338,0.36776,0.3382840000000001,0.337986,0.27410799999999996,0.384096,0.205158,0.359356,0.369376,0.358116,0.420116,0.46348,0.178932,0.41740200000000005,0.434038,0.424604,0.454258,0.23827800000000005,0.372626,0.19483999999999999,0.25603600000000004,0.21494400000000002,0.32919200000000004,0.15545399999999998,0.183468,0.080352,0.199724,0.228418,0.16926000000000002,0.121716,0.181096,0.085236,0.208938,0.233336,0.226246,0.19035,0.1505,,,0.28449,0.27311,0.19514,,,0.15587,,0.20728000000000002,,,0.16012500000000002,0.2344,0.22880999999999999,,,0.202775,0.05138,,0.18811,,0.27877,0.15239,0.18426,0.33114,0.36341,0.088614,0.27034400000000003,0.337924,0.29338000000000003,0.26362,0.331996,,0.39244599999999996,0.29669399999999996,0.312408,0.28481999999999996,0.42338,0.36327600000000004,0.15149400000000002,0.324144,0.396266,0.33652333333333334,0.24163799999999996,0.3036519999999999,0.163746,0.332158,0.36547599999999997,0.38159200000000004,0.36677599999999994,0.340362,0.18504800000000002,0.32282,0.44382,0.33540000000000003,0.329422,0.370734,0.145786,0.41984600000000005,0.40641,0.316922,0.46372,0.15111599999999997,0.15186400000000003,,0.157796,0.338978,0.15194000000000002
EthanolConcentration,0.06174,0.034096,0.036066,,0.059378,0.028152000000000003,0.048854,0.040986,0.10829,0.041146,0.027768000000000004,0.04813,0.03436399999999999,0.062108,0.051244,0.026808,0.045916,0.04174599999999999,0.14179599999999998,0.043614,0.03330999999999999,0.050736,0.027825999999999997,0.10212600000000001,0.034522,0.044109999999999996,0.046734,0.04263,0.047882,0.12424799999999998,0.027952000000000005,0.107232,0.11615199999999999,0.16741999999999999,0.037770000000000005,0.09964799999999999,0.08671999999999999,0.083676,0.09479200000000002,0.13203,0.09690000000000001,0.065964,0.067942,0.091652,0.12804200000000002,0.090378,0.09914399999999998,0.052952,0.12739799999999998,0.221936,0.11083799999999999,0.039152,0.054270000000000006,0.10548000000000002,0.21489600000000003,0.12180600000000001,0.07715999999999999,0.044452000000000005,0.080598,0.112402,0.1772,0.14489599999999997,0.062518,0.046276,0.043224,0.090564,,0.04525,0.036454,0.049218,0.038008,0.118428,0.046806,0.032945999999999996,0.043160000000000004,0.047560000000000005,0.114998,0.047842,0.041456,0.048738,0.03855,0.151488,0.05885,0.03302,0.043182000000000005,0.04241399999999999,0.07721,0.05353600000000001,0.033367999999999995,0.04974,0.03849,0.043047999999999996,0.069684,0.026302000000000002,0.26008200000000004,0.271792,0.19933,0.263192,0.2812,0.25314,0.24417399999999997,0.28414399999999995,0.089555,0.237736,0.258096,0.25915,0.12748333333333334,0.217726,0.278584,0.17028999999999997,0.21318599999999996,0.110542,0.00963,0.147406,0.23950200000000002,0.14861249999999998,0.25894,0.08133599999999999,0.09089,0.27426399999999995,0.24513600000000002,0.03949199999999999,0.274968,0.08999199999999999,0.05913,0.23598,0.244956,0.121875,0.265218,0.186284,,0.04597,0.28476,0.269086,0.01906,0.272524,0.27571,0.27684,0.05459000000000001,0.060132,0.054439999999999995,0.050842,0.026705999999999997,,,,,0.06549,0.03969,0.04008,,0.08175,0.06572,,,,,,,,,,,,0.012204,0.03599999999999999,0.02164,0.035058,0.011674,0.024148,0.01469,0.012703999999999998,0.180018,0.014724000000000001,0.011752000000000002,0.018140000000000003,0.013276,0.023974000000000002,0.037014000000000005,0.05154000000000001,0.035086,0.026072,,0.028015999999999996,0.04497999999999999,0.045448,0.034884,0.035012,0.028722000000000004,0.019346,0.031751999999999996,0.055606,0.032904,0.040896,0.04957,0.013632,0.042131999999999996,0.05122,0.045146000000000006,0.020911999999999997,0.007185,0.026320000000000003,,,,,,,,,,,0.047076,,,,,0.03528,,0.0468275,,,,,,,,,,,,,,,,,,,,,,,,,,,,0.021199999999999997,0.046832,0.05699800000000001,0.05086999999999999,0.042272,0.02262,0.016154,0.020461999999999998,,0.014568000000000001,0.016027999999999997,0.046908,,0.026484,0.013682,0.049452,0.010124,0.015776000000000002,,0.012652,0.030306,0.03247799999999999,0.011544000000000002,0.021036000000000003,,0.019146000000000003,0.042412,0.04379,0.028636,0.026220000000000004,,0.019426,0.021074000000000002,0.058352,0.020954,0.018196,,0.02604,,,,,,
FaceDetection,0.0,3e-05,1.5e-05,0.00045,1e-05,0.00022,0.00076,0.00038,6e-05,0.00172,1e-05,0.00084,0.00086,0.0,0.0002,0.00073,3e-05,0.00017,4e-05,0.00089,0.00012,0.00016,0.0004,1e-05,0.0007,0.00087,0.0007700000000000001,0.00017,0.002925,5.5e-05,0.00635,0.00022399999999999997,7.6e-05,0.000786,0.00045,4.6e-05,0.000124,0.0011425,0.000876,0.00029200000000000005,0.0006425,0.000528,7.5e-05,0.0006050000000000001,0.0006200000000000001,0.0002375,0.001625,0.0025366666666666667,0.001035,0.000332,0.000425,0.0017439999999999997,7.000000000000001e-05,0.0006475000000000001,0.00114,0.0013280000000000002,0.000332,9.25e-05,0.000498,4.6e-05,0.001114,9e-05,9.600000000000002e-05,0.00015,0.0,0.00269,1e-05,5e-05,1e-05,0.0,0.0,0.0,0.00076,1e-05,0.00198,0.00025,0.0,1e-05,0.00012,3e-05,9e-05,0.00051,0.00026,0.00034,0.00043,0.00404,0.00102,2e-05,0.00142,0.000536,8e-05,3e-05,3e-05,0.0001,0.000394,0.00033800000000000003,0.00069,0.00038,0.000324,0.00033999999999999997,0.000424,0.00034,0.000584,8.400000000000001e-05,0.00022200000000000003,0.00011399999999999999,,1e-05,1e-05,1e-05,1e-05,3.3333333333333335e-05,,0.0004125,0.00031749999999999997,0.000335,0.000268,0.00058,,0.00020000000000000004,0.000272,0.0003066666666666667,0.0005,0.0007400000000000001,0.000185,0.0015,0.001336,0.0012125,0.00038250000000000003,0.0013425000000000002,0.00086,0.00035800000000000003,0.00017,0.000635,0.0008299999999999999,0.0005525,0.00017,0.00039,0.000218,0.000542,2e-05,0.0004580000000000001,0.0005480000000000001,0.00047799999999999996,0.000372,0.0005559999999999999,0.0006125,0.000176,0.000368,0.0003766666666666667,0.0009875,9.666666666666667e-05,0.000494,0.00059,0.0002975,8.2e-05,0.0005666666666666666,0.000164,0.0005420000000000001,0.00044750000000000004,0.001265,0.00055,0.000184,0.000516,5.2000000000000004e-05,0.000332,0.000542,0.000542,0.001106,0.00041000000000000005,3.4e-05,0.00056,7.000000000000001e-05,0.000728,0.000498,0.00014000000000000001,0.00020600000000000002,0.000506,0.000498,0.00139,0.0009139999999999999,0.000562,,0.000284,0.000854,0.000382,0.000348,7.600000000000002e-05,0.00027,0.0008460000000000001,0.000932,0.000742,0.000804,0.000778,0.00041000000000000005,0.000334,0.00034800000000000006,0.000286,0.001708,0.00031200000000000005,,0.00044,0.00023200000000000006,0.001046,0.00046333333333333334,0.00113,0.000266,0.000468,0.0002666666666666667,9e-05,0.000635,,0.00203,0.00054,0.0008780000000000001,0.0014,3e-05,0.00021,0.00172,0.00157,0.000248,,,,,,,,,,,,,,,,,,,,,,,,,,,0.00035,0.000424,0.00016600000000000002,0.000156,0.00014399999999999998,,7.4e-05,0.000714,1e-05,0.000782,0.000606,0.000196,0.0005833333333333334,0.000288,0.00049,0.00033600000000000004,0.000754,0.00041199999999999993,,0.0012180000000000001,0.0015660000000000001,0.000316,0.0007259999999999999,0.000778,,0.000536,0.00053,0.000708,0.000656,0.0010659999999999999,,0.000342,0.00103,0.000496,0.000596,0.0008460000000000001,,0.001208,0.000612,0.000126,0.000176,0.00016,0.00022,0.0001
FingerMovements,0.01415,2e-05,0.01403,0.00325,0.0165,0.01854,0.01399,0.02349,0.01954,0.03677,0.02896,0.01113,0.03771,0.00106,0.02885,0.00798,0.03259,0.01415,0.00095,0.01403,0.03009,0.01854,0.01034,0.00449,0.02416,0.01434,0.01977,0.01854,0.01847,0.00094,0.00105,0.022511999999999997,0.013419999999999998,0.018142,0.016246000000000003,0.012050000000000002,0.005252,0.006455,0.0149,0.017495,0.02317666666666667,0.008526666666666667,0.011780000000000002,0.01499,0.02197,0.003778,0.018576,0.012805,0.01214,0.03102,0.0175575,0.0041825000000000005,0.00578,0.03005,0.014575,0.00723,0.03688,0.01854,0.018444,0.016814,0.018078,0.012618,0.015732,0.02902,1e-05,0.01854,0.05598,0.01034,0.01415,0.00444,0.01866,0.00706,0.0071,0.00736,0.00719,0.0184,0.00238,0.00118,0.00866,0.01834,0.01034,0.01854,0.00299,0.03075,0.02604,0.00136,0.03771,0.03009,0.01461,0.023838,0.01439,0.01415,0.00094,0.01025,0.029214999999999998,0.010768,0.01587,0.01134,0.012695999999999999,0.018128,0.018846666666666664,0.014382,0.019174999999999998,0.027384,0.012434,0.009623999999999999,0.015028,0.013720000000000001,0.010834000000000002,0.00687,0.027561999999999996,0.019478000000000002,0.016148000000000003,0.012152499999999998,0.02444,0.028473999999999992,0.015646,0.021636,0.011988000000000002,0.020632,0.017277999999999998,0.009478,0.012561999999999999,0.008334,0.022108,0.020636,0.014268,0.012313333333333334,0.010136,0.01555,0.019424,0.018662,0.014283333333333334,0.018854,0.019923333333333335,0.013313999999999998,0.019969999999999995,0.012763999999999998,0.020082,0.009798000000000001,0.012002,0.018291999999999996,0.008757999999999998,0.0123675,0.0099375,0.010085,0.0010975,0.0114625,0.020516,0.012122500000000001,0.0085625,0.002865,0.007489999999999999,0.028314,0.010914,0.02591,0.007992,0.004222000000000001,0.013304,0.00686,0.00876,0.002636,0.003848,0.010190000000000001,0.022593999999999996,0.008948000000000001,0.019448,0.018012,0.021462000000000002,0.00939,0.02658,0.013496,0.0194975,0.011181999999999997,0.015776,0.013432,0.013334000000000002,0.023864000000000003,0.017792,0.006374,0.009375999999999999,0.011826,0.013148000000000002,0.012093999999999997,0.012306000000000001,0.01483,0.016134000000000003,0.009770000000000001,0.014678,0.018676,0.02192,0.024284,0.02144,0.006248,0.019957999999999997,0.023712,0.011482,0.008888,0.018337999999999997,0.012786,0.018476,0.01706,0.012618,0.005900000000000001,0.021394999999999997,0.011748,0.01265,0.008274,0.04331,0.007494000000000001,0.009594,0.02144,0.016568,0.013951999999999997,0.026656666666666665,0.018602,0.02869,0.014022000000000001,0.026976,0.011764,0.00858,,,,,,,,,,,,,,,,,,,,,,,,,,,0.017908,0.01984,0.013119999999999998,0.016679999999999997,0.011098,0.008314,0.016836,0.012486,,0.007313999999999999,0.021406,0.018591999999999997,0.0217,0.005255999999999999,0.020068,0.015772,0.014753999999999998,0.011588,0.021857500000000002,0.00676,0.007148,0.0031119999999999997,0.010538,0.00513,0.016730000000000002,0.018754,0.015948,0.01444,0.016766,0.020627999999999997,0.012162000000000001,0.012752000000000003,0.009755999999999997,0.012422500000000001,0.011442,0.012159999999999999,0.020166,0.010394,0.010519999999999998,0.02071,,0.016821999999999997,0.017248,0.020824000000000002
HandMovementDirection,0.05973,0.09398,0.04015,0.02389,0.05557,0.07472,0.06291,0.08921,0.01053,0.05564,0.13683,0.02721,0.02295,0.05812,0.05724,0.03895,0.08745,0.05458,0.02801,0.039,0.0773,0.10009,0.13096,0.07207,0.10902,0.02772,0.07576000000000001,0.05332,0.05373,0.0662,0.07376,0.06677000000000001,0.054298,0.057822,0.070868,0.061694000000000006,0.05930199999999999,0.046523999999999996,0.059118000000000004,0.047670000000000004,0.055028,0.068202,0.05775400000000001,0.067664,0.058184,0.035654,0.054414,0.039425999999999996,0.03477,0.046540000000000005,0.044116,0.046304,0.044050000000000006,0.056806,0.036526,0.037219999999999996,0.041294000000000004,0.061197999999999995,0.06602,0.07547200000000001,0.06948200000000002,0.059983999999999996,0.066578,0.02529,0.06372,0.04643,0.10884,0.05676,0.04789,0.03665,0.0259,0.06527,0.0738,0.09824,0.08098,0.08948,0.01555,0.07141,0.05828,0.08677,0.04727,0.05883,0.03316,0.04153,0.03501,0.05548,0.02197,0.04252,0.08428,0.039206000000000005,0.03718,0.04278,0.02831,0.09937,0.04844,0.04240333333333333,0.07831,0.0499575,0.04844,0.0520325,0.055658000000000006,0.074932,0.071814,0.05049,0.069358,0.055658000000000006,0.06826000000000002,0.06215600000000001,0.07594999999999999,0.08391,0.08906499999999999,0.05893599999999999,0.05516800000000001,0.06732400000000001,0.051000000000000004,0.039169999999999996,0.081986,0.05996,0.05364800000000001,0.058272000000000004,0.053956000000000004,0.054669999999999996,0.061524,0.046436,0.047006000000000006,0.075934,0.07023,0.04969,0.040184000000000004,0.051250000000000004,0.039982000000000004,0.056330000000000005,0.07364666666666667,0.04893,,0.04893,0.06853666666666666,0.07713333333333333,0.052472000000000005,0.054723999999999995,0.055936,0.05317599999999999,0.057806,0.054726,0.038271999999999994,0.061065,0.047524,0.061096,0.046152,0.03273,,0.0725,0.046638,0.050398,0.053444000000000005,0.09108,0.06421400000000001,0.046231999999999995,0.031752,0.0402875,0.05697,0.0247925,0.048912,0.054698000000000004,0.054259999999999996,0.057184,0.04706200000000001,0.06935200000000001,0.07257,0.07005000000000002,0.049802,0.035722,,0.04839,0.060266,0.036916000000000004,0.060261999999999996,0.058176000000000005,0.066096,0.04844,0.03063,0.046332,0.06948400000000002,0.070502,0.041434000000000006,0.030808000000000002,0.047852000000000006,0.045422000000000004,0.053078,0.029089999999999998,0.059309999999999995,0.066464,0.061574,0.07432,0.041436,0.049668000000000004,0.058078,0.044678,0.051256,0.057432000000000004,0.05373199999999999,0.060183999999999994,0.049280000000000004,0.07354799999999999,0.042820000000000004,0.07776599999999999,0.04845200000000001,0.047296,0.042484,0.051680000000000004,0.05040800000000001,0.063516,0.055420000000000004,0.039765,0.044193333333333334,0.05514333333333333,0.042660000000000003,0.073888,0.04313199999999999,0.047778,0.065376,,,,,,,,,,,,,,,,,,,,,,,,,,,0.042584,0.059621999999999994,0.036556,0.0539,0.06511,0.04492999999999999,0.048524,0.051194,,0.04806800000000001,0.041754,0.05052399999999999,0.05101,0.047467999999999996,0.029652,0.04743,0.056777999999999995,0.045344,0.06587,0.061656,0.053772,0.070146,0.037296,0.045958,0.0510575,0.03508,0.06348000000000001,0.050248,0.033136,0.070436,0.05179399999999999,0.030891999999999996,0.049978,0.061692000000000004,0.049626,0.046558,0.048625,0.039953999999999996,0.050416666666666665,0.065816,0.05484,0.050429999999999996,0.031992,0.068604
Handwriting,0.2934,0.31841,0.22911,0.24931,0.32747,0.32297,0.19482,0.24321,0.22091,0.2171,0.2239,0.21291,0.23161,0.18508,0.22926,0.21723,0.25356,0.23098,0.21714,0.21981,0.23174,0.23983,0.28479,0.21845,0.22615,0.2798,0.28039000000000003,0.16941,0.20541,0.1817,0.19373,0.27734,0.297678,0.23769200000000001,0.268926,0.282954,0.282776,0.22793999999999998,0.259476,0.210586,0.25066,0.23672200000000002,0.189154,0.205656,0.21456399999999998,0.208908,0.2037,0.23151000000000002,0.21482250000000003,0.19802999999999998,0.207612,0.22490000000000002,0.26769999999999994,0.26744,0.213672,0.251454,0.271514,0.28243599999999996,0.25352600000000003,0.26736799999999994,0.22003599999999998,0.26879200000000003,0.24620800000000004,0.26706,0.33803,0.21292,0.24651,0.32107,0.32999,0.25123,0.28334,0.20333,0.24892,0.26863,0.23674,0.24089,0.16388,0.21247,0.24591,0.23356,0.25079,0.18297,0.26566,0.25466,0.21779,0.26264,0.1909,0.23437,0.25799,0.30408,0.18585,0.21012,0.17027,0.20373,0.30584,0.3338439999999999,0.16157799999999997,0.327988,0.319004,0.309324,0.30305400000000005,0.327374,0.192768,0.286972,0.32476000000000005,0.323864,0.313408,0.18018199999999998,0.172206,0.158928,0.17393,0.18735399999999997,0.18739599999999998,0.167584,0.1603675,0.16952499999999998,0.171474,0.159848,0.162534,0.20651200000000003,0.17709333333333332,0.1668,0.188324,0.20664,0.182818,0.19990199999999997,0.141045,0.15522799999999998,0.15791750000000002,0.19729599999999997,0.186356,0.19181399999999998,0.208956,0.17598600000000003,0.170584,0.177552,0.212338,0.25123599999999996,0.304144,0.36922200000000005,0.15611,0.33103,0.32880800000000004,0.303572,0.241146,0.15248599999999998,0.18633799999999998,0.18957200000000002,0.232976,0.19162200000000001,0.158924,0.17518,0.178966,0.262714,0.20252399999999998,0.152224,0.17304599999999998,0.183322,0.287938,0.210236,0.164172,0.177116,0.174792,0.18769399999999997,0.344098,0.43113799999999997,0.175196,0.437362,0.42600800000000005,0.296806,0.290524,0.452352,,0.416348,0.44958800000000004,0.4436439999999999,0.386566,0.28681599999999996,0.39575600000000005,0.19639800000000002,0.33685400000000004,0.316308,0.291684,0.250646,0.2808,0.18640600000000002,0.283008,0.29363599999999995,0.221868,0.28539000000000003,0.313584,0.198378,0.30578800000000006,0.297326,0.274472,0.277814,0.335232,0.20371199999999998,0.30905600000000005,0.29322,0.275976,0.33243,0.24391600000000002,0.283356,0.16918000000000002,0.28433600000000003,0.27414,0.32917399999999997,0.192676,0.18726600000000002,0.176854,0.31024799999999997,0.31628,0.207694,0.19096600000000002,0.19151200000000002,0.176796,0.307106,0.30399,0.30091,0.23886000000000002,0.17328000000000002,,,0.20040200000000002,0.20711,0.16376666666666664,,,0.21331666666666668,,0.16407600000000003,,,0.20823199999999997,0.17219,0.175386,,,0.20329000000000003,0.19627,0.25555,0.17887,0.25007999999999997,0.24298750000000002,0.282064,0.314958,0.37103800000000003,0.44320200000000004,0.17954,0.432876,0.42838200000000004,0.355128,0.2784460000000001,0.356462,,0.316952,0.34514,0.313814,0.346758,0.26365399999999994,0.31239,0.18520799999999998,0.30190799999999995,0.29164,0.275056,0.22851399999999997,0.289056,0.192408,0.26471600000000006,0.31404200000000004,0.26605,0.24420999999999998,0.28273200000000004,0.175664,0.285934,0.31642000000000003,0.266714,0.280552,0.307206,0.18774200000000002,0.265584,0.32406,0.21861199999999997,0.36564800000000003,0.198332,0.167876,,0.15626400000000001,0.280358,0.21400199999999997
Heartbeat,0.042428,0.039650000000000005,0.021462000000000002,0.018463333333333335,0.049052000000000005,0.030104,0.036635999999999995,0.026894,0.021672,0.024078000000000002,0.037294,0.012790000000000001,0.026697999999999993,0.014342000000000002,0.009597999999999999,0.019566,0.026644,0.024628000000000004,0.019785999999999998,0.025917999999999997,0.035176,0.023587999999999998,0.029596,0.017154,0.035824,0.035694000000000004,0.038134,0.028968,0.037564,0.013782000000000003,0.043438,0.046518,0.034783999999999995,0.030293999999999998,0.046998,0.05141000000000001,0.035274,0.021193999999999998,0.043289999999999995,0.016732,0.036180000000000004,0.031282,0.048654,0.03778,0.017882,0.049776,0.029468,0.018168,0.025582,0.013629999999999998,0.028470000000000002,0.018328,0.029192000000000003,0.027039999999999998,0.016148,0.02473,0.028753999999999995,0.049706,0.044657999999999996,0.045872,0.013685999999999999,0.040298,0.045076,0.039052,0.03754400000000001,0.03252,0.02483,0.033956,0.034768,0.01729,0.027370000000000005,0.022864000000000002,0.028096,0.021246,0.007402000000000001,0.013930000000000001,0.012926000000000002,0.023594,0.02344,0.017848,0.029304000000000004,0.017748,0.031841999999999995,0.02572,0.026368000000000003,0.02096,0.01202,0.022042,0.03139399999999999,0.026951999999999997,0.021595999999999997,0.032522,0.022383999999999998,0.035078,0.047692,0.04654199999999999,0.018984,0.04141399999999999,0.042609999999999995,0.04048,0.052480000000000006,0.03782,0.040576,0.03649600000000001,0.036676,0.040506,0.046714,0.025861999999999996,0.023014,0.016688,0.005468,0.011086000000000002,0.038166,0.005936,0.030232,0.020995999999999997,0.016104,0.0056300000000000005,0.027692,0.01885,0.01884,0.012192,0.018047999999999998,0.010966,0.03114,0.021422,0.030232,0.008234,0.00015,0.022034,0.023698,,0.020804,0.025173999999999995,0.013182000000000003,0.007869999999999999,,0.023796,0.043320000000000004,0.038919999999999996,0.0012820000000000002,0.04485,0.040668,0.02232,0.025776,0.00129,0.006954,0.003544,0.038652000000000006,0.009353999999999998,0.006118,0.024092,0.010186,0.05406999999999999,0.00302,0.005802,0.016444000000000004,0.010598,0.037926,0.015704,0.021464,0.016136,0.004568,0.005188,0.029096,0.051524,0.011092000000000001,0.03173,0.055830000000000005,0.043278,0.0372,0.028352,0.013706,0.03091,0.036828,0.027984000000000002,0.039492000000000006,0.03951,0.027223999999999998,0.024385999999999998,0.024287999999999997,0.028862,0.020026,0.023409999999999997,0.043034,0.023704,0.019226,0.026935999999999998,0.053442,0.028076,0.040124,0.014746,0.017466000000000002,0.037540000000000004,0.026932,0.033712,0.02506,0.025070000000000002,0.010719999999999999,0.024172,0.041838,0.025306000000000002,0.032926,0.047138,0.003926666666666666,0.038585999999999995,0.036893999999999996,0.037822,0.012625,0.033776,,0.04015,0.041314,0.041454000000000005,0.02198,0.042542,,0.045674,0.040232000000000004,0.038646,0.042817999999999995,,,,,,,,,,,,,,,,,,,,,,,,,,,0.04607199999999999,0.03038,0.003215,0.035824,0.034458,0.033842,0.038049999999999994,0.030596,0.011023333333333335,0.028316,0.023524,0.042098000000000003,0.03306,0.04657800000000001,0.02989,0.019014,0.030468000000000002,0.027066,0.06015,0.039922,0.056008,0.006798,0.01814,0.04424,0.044278,0.038936,0.042652,0.021782000000000003,0.019422000000000002,0.037432,0.044485,0.028806000000000005,0.026586,0.015695999999999998,0.02515,0.039307999999999996,,0.040136,0.028708,0.027802,0.01138,0.019346,0.035094,0.034914
InsectWingbeat,0.14724199999999998,0.24117799999999998,0.013292000000000002,0.18261999999999998,0.22833200000000003,0.257056,0.021724,0.024026,0.016014,0.020617999999999997,0.022436,0.018334,0.024728,0.013316,0.018652,0.020478000000000003,0.01576,0.014784,0.013370000000000002,0.014504,0.015271999999999999,0.03034,0.023402,0.013591999999999998,0.027166000000000003,0.029204,0.02124,0.09586599999999999,0.021816,0.009972,0.020829999999999998,0.036112,0.03427,0.025154,,0.034842,0.033828000000000004,,,,,,0.01141,0.011955,0.025675,0.0118,0.010693333333333332,0.02024,0.02126,0.026665,0.01395,0.01223,0.01139,0.02427,0.022156666666666668,0.023356666666666664,0.0169,,0.01025,0.026224000000000004,0.021636,0.025392000000000005,,0.157348,0.245168,0.011276,0.217415,0.242556,0.2552875,0.020396000000000004,0.017536000000000003,0.017004,0.018265999999999998,0.020422000000000003,0.020862,0.024466,0.016352,0.02497,0.024124,0.015134,0.018940000000000002,0.013452,0.01365,0.014214000000000001,0.016772000000000002,0.017494,0.011150000000000002,0.017298,0.01652,0.022255,0.097778,0.022664,0.010080000000000002,0.020999999999999998,,0.119712,,,0.07660800000000001,,,0.122708,,,,0.079072,,,0.001568,,,0.0015799999999999998,,,0.0017079999999999999,,,0.002182,,,0.000688,,,0.000686,,,0.001826,,,0.00183,,0.004255,,0.001498,,,,,0.15326,0.22495000000000004,0.009458000000000001,0.19842800000000002,0.238798,0.016612,0.01632,0.010482,0.014165,0.025922,0.022286,0.020052,0.016026000000000002,0.0209725,0.0157275,0.019512,0.018666,0.012051999999999998,0.017054,0.023206000000000004,0.026096,0.015486,0.016228,0.019376,0.019328,0.04366333333333333,,0.071994,,,0.06308,,,0.060778,,,,0.041316000000000005,,,0.01918,,,0.01931,,,0.017908,,,0.017792000000000002,,,0.019106,,,0.022060000000000003,,,0.018762,,,0.017338,,0.05790666666666666,,0.0038699999999999997,,,,,,0.020508,,,0.102496,,,0.006472,,,,0.109694,,,,,,,,,,,,,,,,,,,,,,,,,,,,,0.035352,,,0.036156,,,0.056985999999999995,,,,0.041982,,,0.015488000000000002,,,0.012534,,,0.014066,,,0.014874000000000002,,,0.016172,,,0.015355999999999998,,,0.01476,,,0.02,,0.02616666666666666,,0.008695999999999999,,,,
JapaneseVowels,0.80701,0.81949,0.48232,0.66192,0.79621,0.85238,0.76984,0.69367,0.40793,0.76464,0.7387,0.36467,0.65823,0.3575,0.50879,0.30471,0.64797,0.75143,0.33178,0.46418,0.60821,0.49583,0.45194,0.16225,0.48936,0.359,0.689154,0.40317,0.46575,0.18488,0.39709,0.4697819999999999,0.441418,0.38799599999999995,0.43682599999999994,0.474382,0.463122,0.49822500000000003,0.74224,0.17857,0.547595,0.46395,0.38524,0.22454,0.31166999999999995,0.37065,0.40604666666666667,0.60064,0.34276,,,0.55539,0.43116,0.70985,0.41416,,0.40154,,0.398494,0.42051800000000006,0.29955,0.42933000000000004,0.53429,0.7287,0.75011,0.53541,0.68718,0.80956,0.78534,0.63105,0.71538,0.32047,0.6889,0.65967,0.38469,0.48103,0.18659,0.3421,0.35236,0.63416,0.74144,0.28456,0.43651,0.55026,0.68332,0.76241,0.39802,0.73802,0.79053,0.65661,0.36689,0.34258,0.19788,0.30871,0.6472559999999999,0.6381439999999999,,0.663404,0.6914,0.685304,0.6336999999999999,0.60658,,0.535246,0.645758,0.669708,0.653608,0.5717049999999999,0.57543,,0.58979,0.56753,0.40871750000000007,0.57519,0.56902,0.55303,0.5873,0.53719,0.36826749999999997,0.5946133333333333,0.5849466666666667,0.57267,0.5800166666666667,0.5888833333333333,0.30598,0.59655,0.4798825,0.583855,0.5728899999999999,0.5667325,0.27564599999999995,0.583704,0.58367,0.572225,0.5617375,0.5845475,0.5427124999999999,0.31301999999999996,0.687512,0.7172620000000001,0.410918,0.667796,0.723406,0.596288,0.7259620000000001,0.30308799999999997,0.6338025,0.726826,0.525824,0.605986,0.30671,0.537664,0.453558,0.46340400000000004,0.6033760000000001,0.28572600000000004,0.649462,0.48565800000000003,0.508926,0.50515,0.41502800000000006,0.537754,0.666388,0.646,0.807742,0.77634,0.1827775,0.8211400000000001,0.792414,0.40308200000000005,0.530566,0.693132,0.24572000000000002,0.710474,0.739752,0.7855039999999999,0.34351999999999994,0.375856,0.624884,0.245684,0.6050359999999999,0.642014,0.60028,0.48473999999999995,0.466756,0.21206399999999997,0.465824,0.5509900000000001,0.28629800000000005,0.398162,0.586206,0.20482399999999998,0.4895300000000001,0.441162,0.442652,0.48945599999999995,0.6494519999999999,0.22970200000000002,0.5343500000000001,0.608384,0.565792,0.6707780000000001,0.41178,0.358534,0.11473,0.336454,0.361586,0.358762,0.528678,0.398286,0.263944,0.6770820000000001,0.66198,0.462166,0.501576,0.42461200000000004,0.389166,0.653942,0.645066,0.6526,0.47483,0.303402,0.61746,0.46779,0.5754840000000001,0.5464766666666666,0.34576999999999997,,0.37433,0.51249,0.47413333333333335,0.32626,0.42802,,0.3888575,0.46807333333333334,0.314324,0.406825,0.6025,0.41498999999999997,0.4415166666666667,0.612495,0.290586,0.510092,0.52069,0.55474,0.341298,0.7151419999999999,0.7774939999999999,0.169734,0.727012,0.8011600000000001,0.34505600000000003,0.36399,0.70429,,0.733566,0.6899219999999999,0.7101299999999999,0.471626,0.375372,0.654514,0.22238000000000002,0.503258,0.48562600000000006,0.59687,0.26349999999999996,0.356948,0.24103599999999997,0.36024,0.46646599999999994,0.399752,0.307952,0.46475999999999995,0.21064600000000003,0.517596,0.530928,0.48989200000000005,0.32706,0.5182599999999999,0.203204,0.41052999999999995,0.49223800000000006,0.646176,0.5625519999999999,0.34858200000000006,0.3877480000000001,0.59948,0.479054,0.403524,0.55977
LSST,0.158518,0.17870999999999998,0.155532,0.162594,0.176188,0.154172,0.11362799999999999,0.175908,0.10202199999999999,0.1452,0.125666,0.14140999999999998,0.16808,0.08875200000000001,0.14557000000000003,0.151722,0.15395,0.16904999999999998,0.09741,0.174352,0.16188600000000003,0.15075,0.16971399999999998,0.110094,0.173954,0.15266600000000002,0.216938,0.136476,0.168612,0.15484400000000004,0.168052,0.139878,0.13746999999999998,0.10685,0.14402399999999999,0.1522,0.13669199999999998,0.1917566666666667,0.1630033333333333,0.105095,0.15776,0.16076,0.1837925,0.18897,0.08417,0.171045,0.18483750000000002,0.16619333333333333,0.171765,0.1283,0.15734,0.15481,0.19615,0.17707666666666666,0.13848333333333335,0.16926,0.16631666666666667,0.1671,0.15824600000000003,0.150784,0.147652,0.162676,0.161448,0.168372,0.17585800000000001,0.16133400000000003,0.172734,0.17463,0.177612,0.18459,0.185108,0.107398,0.156146,0.179484,0.151482,0.169472,0.10878600000000001,0.17009200000000002,0.15436,0.16712,0.18318800000000002,0.092448,0.172728,0.17230199999999998,0.11749400000000002,0.16534,0.107216,0.15602200000000002,0.12398600000000001,0.22310400000000002,0.16367400000000001,0.18025200000000002,0.165876,0.176176,0.591196,0.576204,0.5952575,0.56792,0.43887,0.23345800000000003,0.440048,0.620378,0.60051,0.327282,0.527128,0.23474,0.47008800000000006,0.171078,0.179408,0.583458,0.17253599999999997,0.189148,0.19195600000000002,0.170564,0.151598,0.5270840000000001,0.179534,0.15928199999999998,0.16765999999999998,0.120458,0.143866,0.5512520000000001,0.17887999999999998,0.11586199999999999,0.17507999999999999,0.186442,0.15484,0.5443580000000001,0.180062,0.187086,0.173456,0.205448,0.46811800000000003,0.387382,0.5898340000000001,0.580576,,0.26447000000000004,0.17337,0.150534,0.134966,0.158756,0.16533199999999998,0.19524000000000002,0.164184,0.092944,0.10565399999999998,0.12405600000000001,0.23182999999999998,0.1681125,0.050648000000000006,0.15007199999999998,0.14611400000000002,0.23240600000000003,0.16742,0.058906,0.150912,0.148874,0.210148,0.138812,0.051638,0.13600600000000002,0.11437800000000001,0.19402999999999998,0.168928,0.157354,0.13830800000000001,0.14366600000000002,0.170804,0.16723000000000002,0.121978,0.155886,,0.173202,0.15451800000000002,0.123506,0.15427200000000002,0.17926799999999998,0.182852,0.128548,0.17753,0.193804,0.17522666666666667,0.15639799999999998,0.14684400000000003,0.114374,0.146626,0.16593399999999997,0.1416875,0.17468999999999998,0.154854,0.11562999999999998,0.173528,0.176798,0.1634125,0.15741,0.164746,0.11402799999999999,0.17250400000000002,0.16826599999999997,0.14210250000000002,0.198776,,,,,,,,,,,,,,,,,,,,,,,,,,,,,,,,,,,,,,,,,,,,,,0.16207,0.15119999999999997,0.14964,0.15315600000000001,0.16688,0.14946600000000002,0.128416,0.159854,,0.145128,0.154172,0.129772,0.16189400000000004,0.139464,0.165422,0.12511799999999998,0.160966,0.15259,,0.15850799999999998,0.152248,0.110856,0.170298,0.180874,0.13077333333333332,0.15712199999999998,0.158864,0.264598,0.175582,0.17668399999999998,0.136045,0.138768,0.157704,0.115432,0.17444199999999999,0.16142800000000002,0.12902,0.167962,,,,,,
Libras,0.55964,0.60905,0.41086,0.47703,0.5135,0.66768,0.49232,0.56035,0.59542,0.54419,0.49115,0.47968,0.46172,0.48791,0.47118,0.44993,0.40705,0.50804,0.47201,0.49155,0.42166,0.42295,0.44341,0.39249,0.54921,0.42272,0.5304779999999999,0.42561,0.29699,0.52357,0.30135,0.51762,0.558954,0.516802,0.5075860000000001,0.541346,0.582208,0.42344,0.47512750000000004,0.42832499999999996,0.5177400000000001,0.44233599999999995,0.38314333333333334,0.40604666666666667,0.46036666666666665,0.4219033333333333,0.4178975,0.399104,0.48470199999999997,0.47629199999999994,0.443278,0.420778,0.48428333333333334,0.42308,0.5006533333333333,0.47827,0.47998,0.472075,0.45849,0.5683400000000001,0.44576400000000005,0.587134,0.5749059999999999,0.58237,0.64182,0.49682,0.47999,0.54271,0.66433,0.47446,0.47602,0.40181,0.39059,0.51666,0.44588,0.47487,0.59808,0.47301,0.48078,0.48405,0.51405,0.59191,0.50232,0.51818,0.44822,0.49033,0.59408,0.51852,0.45594,0.507036,0.46955,0.31049,0.44286,0.37147,0.615912,0.648602,,0.620852,0.6609360000000001,0.603852,0.621222,0.643604,,0.5312560000000001,0.619362,0.6561260000000001,0.5914520000000001,0.505338,0.51073,0.510955,0.496448,0.492606,0.43738800000000005,0.504426,0.4944566666666666,0.45225,0.49127600000000005,0.5100840000000001,0.34554599999999996,0.515875,0.49643,0.48812,0.500575,0.48523000000000005,0.47998,0.5092639999999999,0.51073,,0.492218,0.502846,0.41947600000000007,0.5050100000000001,0.507408,0.5021500000000001,0.5078,0.4943580000000001,0.51907,0.334276,0.44631799999999994,0.53288,0.412636,0.445318,0.49759600000000004,0.45862400000000003,0.5013620000000001,0.42255200000000004,0.543966,0.4586,0.441498,0.5213720000000001,0.42152200000000006,0.485972,0.42672,0.441296,0.49345800000000006,0.38112599999999996,0.5216940000000001,0.5009219999999999,0.462784,0.533256,0.404476,0.532406,0.444496,0.477102,0.65334,0.62374,,0.652684,0.6679380000000001,0.393984,0.39669,0.6081740000000001,0.4272225,0.545744,0.6255580000000001,0.611874,0.49549200000000004,0.403428,0.621216,0.427944,0.5642539999999999,0.49065000000000003,0.583316,0.44416599999999995,0.49877199999999994,0.44116799999999995,0.475258,0.476884,0.46516599999999997,0.353898,0.520836,0.450255,0.5184819999999999,0.5557920000000001,0.5339400000000001,0.402536,0.6263120000000001,0.41503999999999996,0.595636,0.574102,0.48994799999999994,0.5226660000000001,0.40071199999999996,0.40272199999999997,,0.38429599999999997,0.40034200000000003,0.486374,0.374028,0.616594,0.48797999999999997,0.59846,0.676296,0.603514,0.40265399999999996,0.6321640000000001,0.46448999999999996,0.63869,0.6324460000000001,0.6737059999999999,0.643158,0.337002,0.5320524999999999,0.5030825,0.596424,0.51639,0.36127400000000004,0.462716,0.4897475,0.5360599999999999,0.47542399999999996,0.376522,0.44501,0.5256500000000001,0.592378,0.528224,0.375392,0.58639,0.4580933333333334,0.5981960000000001,0.508194,0.642234,0.38019600000000003,0.58995,0.577594,0.5993419999999999,0.584706,0.478762,0.60612,0.38531,0.599142,0.63522,0.30601200000000006,0.44843599999999995,0.648008,,0.575764,0.6232900000000001,0.6278819999999999,0.542818,0.455882,0.6114,0.434268,0.586044,0.545114,0.503766,0.33608200000000005,0.378516,0.446366,0.42955,0.44316000000000005,0.449338,0.34656600000000004,0.432184,0.43106,0.464982,0.42941599999999996,0.43490599999999996,0.34749800000000003,0.515242,0.4369575,0.39859999999999995,0.42185000000000006,0.45209600000000005,0.4486359999999999,0.395344,0.397016,0.36314,0.469396,0.49448400000000003,0.489796
MotorImagery,0.00619,0.01855,0.01321,,0.02415,0.01562,,0.01458,0.00586,,0.00535,0.00619,0.01562,0.01615,0.02362,0.01321,0.01562,0.01615,0.02786,0.00558,0.00558,0.0,0.00854,0.00466,0.01615,0.0259,0.012792499999999998,0.00286,0.00462,0.0357,0.00263,0.016084,0.019667999999999998,0.028121999999999998,0.01754,0.022516,0.017982,0.009214,0.016371999999999998,0.01795,0.019612,0.009758,0.010415999999999998,0.014076,0.042415999999999995,0.012272,0.018754,0.01746,0.021812,0.014894,0.019226,0.00975,0.015742,0.00989,0.014098,0.009196000000000001,0.009582,0.013323999999999999,0.031866000000000005,0.035160000000000004,0.021004000000000002,0.02555,0.030997999999999998,0.00756,0.01129,0.01321,,0.01321,0.00358,0.00139,0.01164,0.00894,0.00619,0.00773,0.04958,0.02415,0.02153,0.01679,0.01892,0.01965,0.01207,0.01259,0.01922,0.03156,0.00619,0.00164,0.03075,0.01871,0.0246,0.011072,0.01484,0.00842,0.03522,0.00489,0.005278,0.023874,0.008373333333333333,0.012246000000000002,0.01361,,0.015209999999999998,0.012121999999999999,0.00723,0.0012350000000000002,0.011815999999999998,0.007351999999999999,,0.0203925,0.012876666666666666,0.00338,0.02062,0.021504000000000002,,0.0060975,0.0043033333333333335,,0.013762000000000002,0.023166,,0.013235999999999998,0.005828,0.00303,0.003766,0.012998000000000001,,0.007855,0.02166,0.014575000000000001,0.01985,0.011748,,0.0081,0.004462,0.019392,0.00015,0.009035999999999999,0.011534,,,,,,,,,,,,0.00535,,,,0.0,,,,,,,,,,,,0.029318,0.015624000000000002,0.027126,0.00742,0.008746,0.00233,0.01831,0.013794,0.012315,0.002176,0.00954,0.01656,0.01857,0.0062640000000000005,0.01974,0.028231999999999997,0.034408,0.0018240000000000003,,0.022976000000000003,0.019346,0.008906,0.012072000000000001,0.011278,,0.01051,0.022946,0.011202,0.024668,0.033423999999999995,0.00619,0.021644,0.012588000000000002,0.013430000000000001,0.02862,0.02381,,0.001382,0.021804,0.008502,0.017158,0.010448,0.009788,0.014114999999999999,,0.011229999999999999,,0.0135625,0.025266,0.00233,,0.011117499999999999,,0.009944,0.02168666666666667,0.008416,0.03255,,,,,,,,,,,,,,,,,,,,,,,,,,,0.018914,0.013264000000000001,0.030891999999999996,0.053378,0.019534000000000003,,0.025479999999999996,0.017354,,0.011456,0.010242000000000001,0.01862,,0.00501,0.01859,0.01259,0.07462,0.002975,,0.037180000000000005,0.015502000000000002,0.018466,0.011558,0.032452,,0.01567,0.022714,0.014676,0.013256,0.06407199999999999,,0.014194000000000002,0.0358,0.007575999999999999,0.020858,0.016954000000000004,,0.034645,0.02437,0.005734,,0.007846,0.006318,
NATOPS,0.82041,0.79828,0.60908,0.65198,0.8075,0.81269,0.28546,0.3914,0.30537,0.55365,0.30407,0.46724,0.42241,0.15227,0.55191,0.40025,0.37522,0.403,0.19441,0.30378,0.43574,0.69676,0.48753,0.1976,0.71104,0.71716,0.683956,0.41315,0.53834,0.118,0.45074,0.40190400000000004,0.402318,0.36487600000000003,0.424524,0.39289,0.41071799999999997,0.3843774999999999,0.598102,0.473022,0.518538,0.57014,0.47187,0.4516733333333333,0.29728750000000004,0.5290866666666666,0.469525,0.523472,0.56097,0.34358,0.6021833333333334,0.5504119999999999,0.46412,0.5203966666666666,0.38789999999999997,0.5152800000000001,0.52506,0.64368,0.43560799999999994,0.325936,0.328752,0.301414,0.45267599999999997,0.70788,0.72247,0.6477,0.60596,0.71142,0.80855,0.37096,0.52812,0.02945,0.60707,0.47326,0.31414,0.25865,0.10825,0.38118,0.16313,0.3681,0.37304,0.42793,0.25741,0.23541,0.49198,0.65321,0.23619,0.60512,0.72571,0.536438,0.45637,0.42025,0.20933,0.42716,0.646706,0.725554,0.062060000000000004,0.643288,0.760956,0.7251040000000001,0.6275000000000001,0.743388,0.03257,0.575696,0.644886,0.7528059999999999,0.7046660000000001,0.035812,0.036238000000000006,0.032203999999999997,0.10870200000000001,0.037669999999999995,0.07621599999999999,0.03052,0.035796,0.033184,0.043384,0.036632,0.13771,0.045756000000000005,0.045362,0.045848,0.039756,0.047824,0.1257,0.036180000000000004,0.088058,0.036262,0.111572,0.04489800000000001,0.15001,0.045308,0.17707199999999998,0.136328,0.12165399999999997,0.191742,0.200038,0.29447199999999996,0.7521740000000001,0.735692,0.08312199999999999,0.758545,0.7497,0.519352,0.36309,0.20821800000000001,0.20888400000000001,0.280796,0.493974,0.280674,0.124336,0.340846,0.327586,0.48407600000000006,0.44906250000000003,0.23365799999999998,0.26288,0.302782,0.444296,0.424354,0.15882749999999998,0.29812399999999994,0.28578000000000003,0.35622999999999994,0.8031980000000001,0.7913560000000001,0.12454666666666665,0.784792,0.768374,0.751294,0.8596640000000001,0.746374,0.35889,0.635838,0.758356,0.80594,0.724052,0.535964,0.649882,0.119716,0.595536,0.55121,0.4498519999999999,0.594608,0.523798,0.129878,0.571764,0.5857140000000001,0.532398,0.56759,0.558238,0.13059199999999999,0.48452199999999995,0.576502,0.35557199999999994,0.5433259999999999,0.58604,0.11244000000000001,0.56089,0.638506,0.41400999999999993,0.63562,0.49524599999999996,0.612862,,0.572468,0.39319000000000004,0.668388,0.40509400000000007,0.674138,0.36001000000000005,0.717052,0.6853659999999999,0.633326,0.37784000000000006,0.5046039999999999,0.385818,0.5707739999999999,0.538866,0.473864,0.470514,0.43261000000000005,,,0.66694,,0.2003,,,0.48762,,,,,,,,,,,,,0.33237,,0.19362,0.6010719999999999,0.19783,0.6709480000000001,0.7661979999999999,,0.743742,0.781408,0.710804,0.626218,0.76449,,0.632676,0.7717560000000001,0.7575080000000001,0.7043079999999999,0.34316599999999997,0.56868,0.08696400000000001,0.5624119999999999,0.5664680000000001,0.5919399999999999,0.43860200000000005,0.54398,0.1841475,0.5496599999999999,0.476762,0.513422,0.549076,0.5781319999999999,0.08899599999999999,0.5778380000000001,0.5395639999999999,0.510242,0.48349000000000003,0.6117299999999999,0.128006,0.5833579999999999,0.6032679999999999,0.5938700000000001,0.48938800000000005,0.5843360000000001,0.45431800000000006,,0.451748,0.605402,0.559928
PEMS-SF,0.2795,,0.64635,0.26745,0.26135,0.28755,0.21397,0.18061,0.44566,0.19771,0.20474,0.34324,0.21801,0.37003,0.20245,0.44568,0.25223,0.19509,0.37446,0.18068,0.10183,0.17612,0.19509,0.41977,0.18524,0.19385,0.218168,0.15974,0.27387,0.49702,0.42344,0.566442,0.488522,0.290974,0.401602,0.541768,0.5999899999999999,0.19617600000000002,0.219834,0.27772199999999997,0.2265425,0.20074,0.222052,0.252872,0.34848,0.18843000000000001,0.237846,0.24569000000000002,0.137604,0.371856,0.14187,0.244124,0.23754400000000003,0.20157599999999998,0.32035,0.212968,0.23112,0.24853600000000003,0.49739400000000006,0.7059399999999999,0.38364800000000004,0.6926040000000001,0.631954,0.28755,0.23387,0.60291,0.13121,0.20371,0.26193,0.2084,0.12084,0.51733,0.18979,0.15316,0.18814,0.21499,0.26731,0.21326,0.09925,0.3351,0.1537,0.51264,0.20581,0.29433,0.15703,0.24856,0.40598,0.14316,0.18208,0.220052,0.13974,0.29935,0.53702,0.12337,0.320314,0.314566,0.38178,0.312408,0.333962,0.364298,0.326418,0.318424,,0.32065599999999994,0.33167199999999997,0.343044,0.33798999999999996,0.058066000000000006,0.05410999999999999,0.052750000000000005,0.068048,0.061871999999999996,0.05313333333333333,0.100454,0.094994,0.09584999999999999,0.100602,0.10745200000000002,0.167042,0.056686,0.04797,0.053981999999999995,0.062504,0.05976,0.06378,0.05606000000000001,0.05363,0.051112000000000005,0.06451199999999999,0.05559400000000001,0.34204399999999996,0.101468,0.181002,0.178518,0.163972,0.176412,0.17644600000000002,0.299028,0.45008600000000004,0.36165200000000003,0.236,0.3593299999999999,0.47277399999999997,0.125334,0.07189,0.15843,0.06997,0.059526,0.199172,0.054324,0.18780400000000003,0.08371999999999999,0.079962,0.151306,0.059952000000000005,0.17569,0.062012,0.08379400000000001,0.13361800000000001,0.054118,0.15864,0.083328,0.070552,0.058533999999999996,0.33317,0.308442,0.5063375,0.346366,0.265612,0.400886,0.313564,0.31934,,0.258285,0.287478,0.28095,0.346416,0.24176799999999998,0.24124400000000001,0.5386219999999999,0.262106,0.266622,0.23348,0.263298,0.276998,0.43355000000000005,0.340624,0.319044,0.253708,0.291742,0.251414,0.496716,0.32590399999999997,0.31433999999999995,0.26119400000000004,0.22728399999999999,0.203726,0.47559000000000007,0.26008,0.258374,0.27242200000000005,0.2848075,0.304432,0.428766,,0.401898,0.39515400000000006,0.480084,0.5314300000000001,0.29882,0.20155,0.32865,0.287984,0.521076,0.468862,0.29991999999999996,0.20356000000000002,0.27077,0.325724,0.278364,0.5127740000000001,,,,,,,,,,,,,,,,,,,,,,,,,0.60074,,0.300724,0.32238,,0.33972600000000003,0.30498200000000003,0.27763800000000005,0.299854,0.29683800000000005,,0.313836,0.327,0.26611399999999996,0.35825,0.203308,0.24377,0.62766,0.22421000000000002,0.284966,0.29498,0.330878,0.28853800000000007,0.409836,0.264552,0.342812,0.241684,0.2898625,0.289734,0.37915400000000005,0.268942,0.321304,0.26999,0.264224,0.25908800000000004,0.450296,0.24997000000000003,0.31363399999999997,0.235415,0.32315400000000005,0.344938,0.22754799999999994,,0.164334,0.26288,0.278716
PenDigits,0.5702320000000001,0.819358,0.797546,0.787496,0.8178620000000001,0.711452,0.60504,0.700246,0.540066,0.6665499999999999,0.73062,0.500922,0.6252500000000001,0.506382,0.695492,0.638778,0.54409,0.698224,0.592412,0.703696,0.6628399999999999,0.563566,0.7264540000000002,0.5148820000000001,0.680302,0.67831,0.753266,0.5077119999999999,0.564588,0.5762539999999999,0.5678799999999999,,,,,,,,,,,,,,,,,,,,,,,,,,,,,,,,,0.6109020000000001,0.83186,0.815546,0.7947900000000001,0.8310739999999999,0.6844540000000001,0.609076,0.7020299999999999,0.500656,0.71485,0.760138,0.48502600000000007,0.6741560000000001,0.5766060000000001,0.69023,0.6176999999999999,0.45334199999999997,0.6855140000000001,0.45240600000000003,0.611888,0.5082340000000001,0.55289,0.7154119999999999,0.582636,0.738148,0.585718,0.69077,0.5096499999999999,0.5902200000000001,0.617714,0.565914,0.59736,0.819246,0.44104,0.81676,0.38799799999999995,0.8475380000000001,0.4850499999999999,0.64641,0.251106,0.637532,0.649474,0.41804399999999997,0.8455320000000001,0.28136,0.221928,0.21966200000000002,0.265662,0.238836,0.27437,0.265156,0.21726400000000004,0.105562,0.253208,0.194898,0.200108,0.23883800000000002,0.1968,0.10146200000000001,0.22070399999999996,0.272578,0.24515399999999996,0.295604,0.240724,0.152958,0.306774,0.268912,0.24824800000000002,0.34021599999999996,0.33615000000000006,0.356388,0.011648,0.43671999999999994,0.34621,0.7534240000000001,,,,,,,,,,,,,,,,,,,,,,,,,,,0.778782,0.8137399999999999,0.6372639999999999,0.8173260000000001,0.806034,0.84927,0.776444,0.8256499999999999,0.7969660000000001,0.7689480000000001,0.82842,0.820534,0.819716,0.795354,0.8352919999999999,0.18571600000000002,0.8267700000000001,0.8594200000000001,0.8442999999999999,0.7002940000000001,0.821354,0.214994,0.787492,0.802768,0.816024,0.648226,0.8017,0.22205400000000003,0.795218,0.8010360000000001,0.833264,0.666608,0.804754,0.300174,0.818722,0.8096,0.7688219999999999,0.8419639999999999,0.77389,0.8281459999999999,0.811604,0.8324800000000001,0.8215300000000001,0.839688,0.81644,0.825886,0.6445719999999999,0.842678,0.834176,0.859064,0.8166460000000001,0.841896,0.7162,0.816728,0.836398,0.8373520000000001,0.8389700000000001,,,,,,,,,,,,,,,,,,,,,,,,,0.65248,,0.8156800000000001,0.840622,0.09470599999999998,0.841274,0.8432219999999999,0.8381599999999999,0.780366,0.844894,0.7535879999999999,0.731584,0.8449920000000001,0.829788,0.851938,0.683346,0.719924,0.19507400000000003,0.77827,0.8105800000000001,0.7358,0.738774,0.707916,0.19758599999999998,0.7235159999999999,0.818272,0.68484,0.636916,0.67013,0.137066,0.6500239999999999,0.807232,0.7713300000000001,0.664372,0.7329800000000001,0.144372,0.710836,0.810252,0.7898675,0.8180380000000002,0.7728320000000001,0.833024,0.779936,0.8305400000000001,0.8224940000000001,0.831634
PhonemeSpectra,0.15507,0.14928,0.1741,0.14611,0.15281,0.16111,0.13201,0.15934,0.14813,0.1396,0.14553,0.10769,0.1329,0.15117,0.13463,0.14632,0.13514,0.14566,0.11414,0.1524,0.14034,0.15382,0.15679,0.14566,0.15443,0.15392,0.148534,0.14252,0.14759,0.12986,0.14345,0.14928199999999997,0.149362,0.169986,0.147814,0.152374,0.14843599999999998,0.247254,0.24451400000000004,0.167912,0.2477325,0.24669999999999997,0.20362999999999998,0.190896,0.16872,0.197262,0.206496,0.22023,0.2084475,0.16168499999999997,0.203368,0.22372399999999998,0.22386999999999996,0.231568,0.163688,0.2309775,0.230912,0.246314,0.14221999999999999,0.14185,0.145092,0.140686,0.144552,0.15335,0.15107,0.14709,0.14009,0.15136,0.15629,0.15453,0.16955,0.14866,0.14435,0.12365,0.1108,0.11641,0.14559,0.14095,0.12117,0.11865,0.12638,0.15507,0.13282,0.10944,0.15718,0.16317,0.14275,0.15887,0.11697,0.149488,0.14802,0.14416,0.1285,0.14138,0.157936,0.157912,,0.160744,0.158548,,0.156406,0.160314,,0.14379399999999998,0.158088,0.15696200000000002,,0.137586,0.16218000000000002,0.1957,0.282466,0.14303000000000002,,0.12027499999999999,0.319398,,0.14393000000000003,0.11342999999999999,,0.136492,0.28569200000000006,,0.13533599999999998,0.136524,,0.15783,0.14823,0.47494,0.15872999999999998,0.149662,,0.145952,0.154538,0.159898,0.4233525,0.16021999999999997,0.15469000000000002,,0.14701,0.153234,0.15584,0.150344,0.149202,0.200095,0.18095,,0.20731,0.18419,0.1765,0.17074,,0.18266,0.1826,0.19289333333333336,0.1826,,0.18791,0.18697666666666665,0.204635,0.205925,0.1512,0.20353,0.186295,,0.21045799999999998,0.19730599999999998,0.12861799999999998,0.208168,0.208444,0.157254,0.18196000000000004,0.15826400000000002,0.17145000000000002,0.159104,0.16255199999999997,0.173382,0.1772,0.23421199999999995,0.26455799999999996,0.180404,0.26454999999999995,0.23473800000000003,,0.233084,0.20693,0.15858000000000003,0.22538,0.233798,,0.234578,0.23233399999999998,0.17177199999999998,0.223278,0.23468,,0.233398,0.25009000000000003,0.177058,0.26073599999999997,0.240616,0.27592,0.24987399999999999,0.153354,0.15111400000000003,0.25689799999999996,0.14926,0.140402,0.16969,0.120914,0.12329999999999999,0.10663,0.128548,0.125996,0.131062,0.11560599999999999,0.11316400000000001,0.10965,0.12537800000000002,0.11637800000000001,0.118946,0.11586199999999999,,,,,,,,,,,,,,,,,,,,,,,,,0.1301425,,0.16231,0.15700599999999998,0.204366,0.16232800000000003,0.157972,,0.14150200000000002,0.14577,,0.154268,0.14350000000000002,0.144556,,0.21127999999999997,0.218474,0.127612,0.24099799999999996,0.19424599999999997,,0.175474,0.152112,0.12942,0.154718,0.165766,,0.212094,0.205234,0.12462599999999999,0.18803399999999998,0.21165000000000003,,0.209226,0.21151400000000004,0.1393925,0.23458199999999998,0.218416,,0.196622,0.140274,0.14277199999999998,0.13635400000000003,0.142278,0.139484,
RacketSports,0.34621,0.41848,0.33804,0.26821,0.24102,0.36933,0.13224,0.37558,0.1561,0.10493,0.21692,0.20524,0.24237,0.07585,0.23209,0.18413,0.05849,0.41408,0.09135,0.14797,0.08533,0.14287,0.56396,0.06112,0.28575,0.12947,0.303464,0.25425,0.38357,0.27125,0.45376,0.24149000000000004,0.23488800000000004,0.187046,0.213064,0.272478,0.277298,0.36671,0.354385,0.037866666666666667,0.2077,0.27930599999999994,0.183615,0.15159499999999998,0.05552,0.24798,0.21403,0.31435,0.266035,0.075265,0.17493,0.23911,,,0.02981,0.35799,0.17492,0.12464,0.23220000000000002,0.221252,0.183922,0.223612,0.20627,0.30689,0.25301,0.40756,0.3495,0.36909,0.35318,0.55385,0.20083,0.09213,0.62451,0.5542,0.19067,0.30857,0.14875,0.23231,0.15561,0.22093,0.41325,0.15302,0.26016,0.14725,0.67639,0.21812,0.11957,0.60245,0.50924,0.43768599999999996,0.22324,0.44225,0.37705,0.33661,0.23713800000000002,0.363032,0.066242,0.347012,0.337114,0.38054200000000005,0.214948,0.328648,0.059206,0.30443,0.318956,0.34683600000000003,0.31556599999999996,0.19727,0.134188,0.15639,0.12410000000000002,0.152082,0.12464800000000001,0.108792,0.115744,0.0781175,0.08760199999999999,0.060242,0.137184,0.053158000000000004,0.06829,0.09864599999999998,0.11411799999999998,0.08770599999999999,0.13689,0.14163199999999998,0.078594,0.08375333333333333,0.13978600000000002,0.096984,0.11916199999999999,0.121658,0.213774,0.232924,0.18666666666666668,0.24847599999999997,0.1905,0.22762000000000002,0.42485599999999996,0.404594,0.041347999999999996,0.348576,0.513176,0.263936,0.29755600000000004,0.065224,0.198414,0.297698,0.303286,0.254426,0.048746,0.24732399999999996,0.285542,0.324204,0.23386200000000001,0.039858,0.27454399999999995,0.24383799999999994,0.23905200000000004,0.179518,0.045034,0.180386,0.265494,0.380802,0.24889200000000003,0.5787980000000001,0.16506800000000002,0.57771,0.595788,0.450082,0.361176,0.559002,0.12897250000000002,0.43330799999999997,0.54165,0.509532,0.56451,0.222384,0.378036,0.049907999999999994,0.30163,0.32928199999999996,0.3266,0.243804,0.35053199999999995,0.069654,0.235046,0.291034,0.28055,0.31426,0.37242,0.07086400000000001,0.409656,0.41379,0.269946,0.270956,0.47342199999999995,0.067024,0.288682,0.31754000000000004,0.23553000000000002,0.39645600000000003,0.24339,0.526334,0.206344,0.5123939999999999,0.41454,0.438504,0.0779,0.11932399999999999,0.078528,0.333256,0.27382,0.246718,0.06191800000000001,0.131272,0.07599249999999999,0.24735200000000002,0.26605,0.250544,0.197708,,,,,,,,,,,,,,,,,,,,,,,,,,,0.24891999999999997,0.44699,0.140105,0.348506,0.4121560000000001,0.36352,0.22566999999999998,0.313026,,0.336616,0.342562,0.410166,0.361816,0.107048,0.365988,0.10766999999999999,0.282032,0.161548,0.234304,0.145266,0.20468799999999998,0.09862800000000001,0.13960999999999998,0.277664,0.204822,0.13992,0.234274,0.06067600000000001,0.185542,0.23484599999999997,0.20688,0.137628,0.29444000000000004,0.0705225,0.167628,0.23804799999999998,0.23667599999999997,0.22006399999999998,0.349548,0.31201999999999996,,0.324148,0.389262,0.325172
SelfRegulationSCP1,0.16613,0.1571,0.28313,0.10476,0.13911,0.1473,0.12742,0.20295,0.13436,0.17482,0.15606,0.01514,0.10319,0.0723,0.16203,0.15101,0.18761,0.16434,0.08075,0.17068,0.05328,0.17051,0.14069,0.06372,0.06567,0.06239,0.154038,0.07698,0.42118,0.00376,0.24592,0.328468,0.25885199999999997,0.189466,0.277982,0.272376,0.324178,0.192138,0.32652200000000003,0.16014199999999998,0.20439400000000002,0.292342,0.14528000000000002,0.293848,0.134468,0.27744599999999997,0.29147599999999996,0.11762200000000003,0.264424,0.142404,0.326476,0.28503,0.245898,0.210474,0.100244,0.21308200000000005,0.227934,0.296764,0.389402,0.37632600000000005,0.24426200000000003,0.37672400000000006,0.377456,0.01173,0.09311,0.0246,,0.08957,0.09744,0.01294,0.05604,0.09272,0.06755,0.1961,0.06275,0.17442,0.15442,0.11506,0.16163,0.0089,0.08923,0.19048,0.14138,0.00625,0.07336,0.30669,0.04986,0.15759,0.11458,0.11545400000000001,0.11357,0.14693,0.11737,0.01299,0.12049399999999999,0.37943800000000005,0.028945,0.46614199999999995,0.34973200000000004,0.36988250000000006,0.154546,0.36191199999999996,0.03409333333333333,0.25225,0.329192,0.298534,0.423954,0.10972,0.1268975,0.10608500000000001,0.18766,0.170734,0.30032,0.20189333333333334,0.176414,0.12537500000000001,0.140422,0.25641400000000003,0.3351733333333333,0.15904,0.08512,0.03694,0.140946,0.17641800000000002,0.04194,0.236205,0.129836,0.1262,0.201835,0.20384000000000002,0.2574,0.296878,0.11714200000000004,0.22160799999999997,0.126885,0.21097000000000002,0.382242,0.4529325,0.20329199999999997,0.26386199999999993,0.060112,0.30874999999999997,0.244152,,,,,,,,,,,,,,,,,,,,,,0.309218,0.35168,0.132414,0.399248,0.29069399999999995,0.20348000000000002,0.20428000000000002,0.367208,0.2632333333333334,0.23568799999999998,0.31449399999999994,0.24835200000000004,0.190002,0.322706,0.431102,0.10368399999999997,0.388834,0.448728,0.31579,0.38048400000000004,0.32788399999999995,0.14543199999999998,0.40206800000000004,0.37574199999999996,0.40288199999999996,0.26507200000000003,0.295064,0.20628000000000002,0.398062,0.380928,0.32469200000000004,0.413204,0.431828,0.08087000000000001,0.40765399999999996,0.40272199999999997,0.414752,0.36764600000000003,0.383986,0.44238999999999995,0.146682,0.217748,0.367814,0.29121800000000003,0.24465,0.461972,0.1814233333333333,0.447998,0.5982879999999999,0.44801799999999997,0.43583,0.494332,0.38249500000000003,0.522612,0.482606,0.579724,0.4577920000000001,,,,,,,,,,,,,,,,,,,,,,,,,,,0.436402,0.365212,0.13828000000000001,0.292176,0.378922,0.47272,0.327226,0.3958,0.00015999999999999999,0.42410800000000004,0.263044,0.334982,0.28646,0.26853199999999994,0.394282,0.16923,0.338074,0.358118,,0.33924200000000004,0.373718,0.161946,0.361532,0.37937600000000005,0.39145,0.406478,0.39622999999999997,0.2738425,0.34066,0.38493600000000006,,0.276708,0.34206000000000003,0.176114,0.38342600000000004,0.39325400000000005,,0.366018,0.32206999999999997,0.291922,,0.21025999999999997,0.35516200000000003,
SelfRegulationSCP2,0.01287,0.00672,0.01513,,0.0018,0.0157,0.01608,0.00032,0.01754,0.00571,0.00908,0.00335,0.00923,0.00181,0.00751,0.01379,0.00129,0.013,0.01082,0.0078,0.0,0.0108,0.0,0.0093,0.01085,0.01753,0.018716000000000003,0.01548,0.00437,0.02013,0.00237,0.015865999999999998,0.007987999999999999,0.010421999999999999,0.011602000000000001,0.009524000000000001,0.01738,0.00484,0.011254,0.01015,0.007686000000000001,0.007063999999999999,0.006912,0.013697999999999998,0.01095,0.013684000000000002,0.013694000000000001,0.011306,0.00948,0.014360000000000001,0.006954,0.009788,0.008198,0.009942,0.008302,0.008402000000000001,0.008873999999999998,0.016669999999999997,0.015617999999999998,0.011718000000000001,0.010902,0.011904000000000001,0.016905999999999997,0.01945,0.00612,0.01089,,0.00361,0.01166,0.00726,0.00923,0.00724,0.01073,0.01095,0.00726,0.01406,0.00894,0.00041,0.00206,0.0115,0.00223,0.02175,0.0059,0.0078,0.02397,0.00612,0.01797,0.0108,0.02016,0.006395999999999999,0.00571,0.00723,0.01112,0.00898,0.0025599999999999998,0.009215999999999998,0.000495,0.011075999999999999,0.0027679999999999996,0.0099275,0.004396,0.010412,0.01443,0.005296,0.005214000000000001,0.011188,0.011164,0.00865,0.0074825,0.004485,0.013902000000000001,0.013290000000000001,0.01433,0.008715999999999998,0.006825999999999999,0.014284999999999999,0.024780000000000003,0.024350000000000004,0.011717499999999999,0.001634,0.02085,0.001215,0.006272,0.015984,0.00024,0.0196,0.006032,0.015335,0.011002,0.012885999999999998,0.008215,0.015267999999999999,0.004798,0.010224,0.011418000000000001,0.010752000000000001,0.006834,0.01091,0.0076679999999999995,0.015022000000000002,0.0066820000000000004,0.01757,0.010864,,0.02317,,,0.00987,,,,,,0.001975,0.00446,,0.012215,0.00557,,,,,,,0.00524,0.001274,0.004728,0.004730000000000001,0.0021,0.003778,0.008108,0.0037599999999999995,0.00531,0.009478,0.001444,0.0024560000000000003,0.006987999999999999,0.010326,0.005782,0.004928,0.006032000000000001,0.009193999999999999,,0.0036439999999999992,0.009222,0.001128,0.00404,0.003012,0.00516,0.00857,0.004619999999999999,0.005352,0.005013999999999999,0.004253999999999999,0.003078,0.008852,0.009054000000000001,0.008712000000000001,0.009297999999999997,0.009196,0.011134,0.009364,0.013101999999999999,0.00337,0.008558,0.0036479999999999998,0.003898,0.003536,0.012790000000000001,0.004336,0.00602,0.007594000000000001,0.003748,0.0027819999999999998,0.00039,0.00828,0.0007475,0.001846,0.006372,0.002214,0.006228,,,,,,,,,,,,,,,,,,,,,,,,,,,0.007716000000000001,0.002682,0.0042924999999999994,0.002078,0.004598,0.001095,0.005926,0.005720000000000001,,0.0077399999999999995,0.00422,0.007330000000000001,0.0032533333333333333,0.008036,0.0049239999999999996,0.004568,0.006452000000000001,0.006477999999999999,,0.010362,0.004286,0.0055639999999999995,0.006500000000000001,0.009158,0.00038,0.007869999999999999,0.008464,0.0046440000000000006,0.005104,0.002848,,0.010288000000000002,0.001158,0.00404,0.0033300000000000005,0.003008,,0.00154,0.005182,0.0032960000000000003,0.007236666666666666,0.005462,0.0055439999999999994,
SpokenArabicDigits,0.86122,0.850776,0.46625000000000005,0.6453420000000001,0.8566940000000001,0.8113980000000002,0.429936,0.38462,0.339376,0.404978,0.440554,0.31685599999999997,0.404172,0.408802,0.334206,0.46177,0.26156,0.33848,0.39801200000000003,0.37179,0.367714,0.34703199999999995,0.41852999999999996,0.30347599999999997,0.394378,0.391774,0.5032159999999999,0.169284,0.26073,0.283856,0.26494399999999996,0.45117599999999997,0.627452,0.38442,0.344536,0.58566,0.502766,0.385824,0.42146500000000003,0.30391599999999996,0.41698399999999997,0.421868,0.24074999999999996,0.33581,0.36285999999999996,0.2880666666666667,0.288492,0.2629575,0.35098,0.3050933333333334,0.337665,0.34479499999999996,0.3539725,0.39117199999999996,0.307774,0.37371750000000004,0.440874,0.4667075,0.38718800000000003,0.49376600000000004,0.45683799999999997,0.50109,0.44302600000000003,0.829964,0.840746,0.48592,0.6141340000000001,0.860136,0.8342700000000001,0.37183599999999994,0.349546,0.38161000000000006,0.39454,0.379468,0.349236,0.5049680000000001,0.370046,0.4462,0.43624399999999997,0.341902,0.39514000000000005,0.319352,0.421914,0.41974800000000007,0.353592,0.369544,0.38320800000000005,0.42607599999999995,0.506642,0.550746,0.162072,0.27644399999999997,0.19028,0.24499199999999996,0.8416560000000001,0.8800140000000001,0.419418,0.8593740000000001,0.869724,0.74288,0.831466,0.8713879999999999,0.5271939999999999,0.739112,0.8716000000000002,0.8359020000000001,0.8022199999999999,0.39169599999999993,0.62521,0.5564233333333333,0.533134,0.32851199999999997,,0.38459199999999993,0.5429066666666666,0.477578,0.382598,0.281476,,0.38033399999999995,0.390505,0.51671,0.6341479999999999,0.48424200000000006,,0.383288,0.293396,0.54893,0.38287400000000005,0.509142,,0.16853400000000002,0.181074,0.5279719999999999,0.510054,0.33663600000000005,0.21534999999999999,0.8093250000000001,0.728304,0.7772820000000001,0.586562,0.7571540000000001,0.768778,0.6768239999999999,0.655364,0.4437275,0.6185880000000001,0.56215,0.631932,0.6039960000000001,0.494104,0.53702,0.533598,0.6501859999999999,0.5386179999999999,0.409154,0.576478,0.5553,0.597778,0.634972,0.5045200000000001,0.575944,0.586878,0.64523,0.7707299999999999,0.7971619999999999,0.20720200000000003,0.809336,0.7637419999999999,0.672804,0.81447,0.811638,0.469998,0.69499,0.8083459999999999,0.814078,0.8110800000000001,0.33218,0.418556,0.11407799999999998,0.43642400000000003,0.432994,,0.299994,0.40238000000000007,0.144508,0.348896,0.39661,0.34682999999999997,0.34763200000000005,0.41835400000000006,0.12133800000000002,0.36553599999999997,0.415526,0.4202866666666667,0.287532,0.425482,0.09896,0.40072,0.41191199999999994,0.28729,0.5028360000000001,0.5740839999999999,0.7249999999999999,0.353692,0.690196,0.61754,0.7833519999999999,0.30913599999999997,0.23537800000000003,0.279344,0.34744600000000003,0.558688,0.37443,0.254568,0.5418719999999999,0.34592999999999996,0.7068939999999999,0.5729059999999999,0.35264399999999996,0.523544,0.333555,,,0.5147550000000001,,,,,,,,,,,,,,,,,,,,,,,0.823476,0.8368079999999999,0.18208200000000002,0.8510499999999999,0.8293320000000002,,0.8286619999999999,0.828108,,0.7150420000000001,0.8144779999999999,0.819234,,0.28419800000000006,0.40137,0.169536,0.336868,0.45252800000000004,,0.253702,0.38258800000000004,0.179138,0.33913000000000004,0.37378999999999996,,0.30934199999999995,0.385104,0.1082,0.40670599999999996,0.41372200000000003,,0.282056,0.427058,0.10569000000000002,0.399468,0.398424,,0.4082179999999999,0.49692400000000003,0.7944760000000001,,0.76508,0.535388,
StandWalkJump,0.05967,0.08727,0.1947,,0.14099,0.17626,0.2609,0.05967,0.03757,0.13237,0.22895,0.05967,0.05967,0.37749,0.26885,0.1874,0.05967,0.11823,0.16213,0.20406,0.1947,0.05967,0.10842,0.23645,0.31354,0.03757,0.099162,0.05967,0.10842,0.14431,0.15062,0.15313400000000002,0.218076,0.16664799999999996,0.206032,0.077646,0.18572799999999998,0.16206600000000002,0.180806,0.15855399999999997,0.11667399999999999,0.072828,0.23908200000000002,0.18851400000000001,0.15020799999999998,0.14047199999999999,0.139892,0.1507,0.169726,0.143988,0.164268,0.136128,0.112008,0.075004,0.09157400000000002,0.075862,0.12416399999999998,0.10214400000000001,0.217972,0.207754,0.25614000000000003,0.321976,0.381042,0.27341,0.4123,0.1874,,0.10842,0.14431,0.14897,0.03977,0.29284,0.10842,0.17647,0.2082,0.02772,0.09162,0.11823,0.32389,0.03757,0.17626,0.2609,0.05967,0.13237,0.14431,0.05967,0.09162,0.18236,0.15062,0.142946,0.16416,0.10842,0.0,0.15062,0.16484800000000002,0.097852,0.27145,0.115052,0.129374,0.18878200000000003,0.123858,0.084686,0.18578199999999997,0.14800600000000003,0.11621000000000001,0.09839799999999999,0.152166,0.089704,0.11677399999999998,0.089704,0.089704,0.089704,0.11588999999999998,0.140964,0.151502,0.145704,0.11322600000000001,0.140964,0.206872,0.11546400000000001,0.132084,0.056412,0.111008,0.055532000000000005,0.12385399999999999,0.138552,0.14909,0.14078000000000002,0.110814,0.138552,0.153064,0.15803399999999998,0.17044199999999998,0.12343599999999999,0.033745,0.11236399999999999,0.19855599999999998,0.097072,0.12470500000000001,0.068155,0.09118,0.197205,0.078585,,,,,0.09162,0.150305,0.1303075,0.15426333333333334,0.1994125,0.1472725,0.05967,0.2609,,0.11823,0.10842,,,,,0.03757,,0.19115,0.17762,0.16353800000000002,0.087722,0.12261199999999998,0.208536,0.156222,0.227344,0.14386500000000002,0.095496,0.13459,0.12737,0.14015,0.14253,0.135026,0.17239200000000002,0.18112599999999998,0.177596,0.22483199999999998,0.120126,0.13339,0.089164,0.15572999999999998,0.097334,0.173278,0.146142,0.20598,0.131654,0.215456,0.19567,0.163086,0.104694,0.225798,0.130412,0.260308,0.21910600000000002,0.15797199999999997,0.117416,0.310096,0.275832,0.164042,0.26257199999999997,0.214182,0.326326,0.20097399999999999,0.146296,0.233845,0.24162,0.237972,0.186602,0.22299600000000003,0.120828,0.23203500000000002,0.20328400000000002,0.21794599999999997,0.251242,0.17359799999999997,,,,,,,,,,,,,,,,,,,,,,,,,0.075325,,0.255774,0.22085999999999997,0.23165,0.159122,0.152548,0.234436,0.21167799999999998,0.14431,,0.13683,0.23197,0.250202,0.231082,0.12191800000000001,0.20539199999999996,0.127185,0.220016,0.260344,0.224285,0.174136,0.28356600000000004,0.170282,0.15266799999999997,0.048144000000000006,0.094116,0.104298,0.15709,0.1403325,0.15904,0.138044,0.249016,0.20393599999999998,0.193846,0.080978,0.31341,0.26080800000000004,0.238682,0.23847400000000002,0.21275399999999997,0.249338,0.14354333333333333,0.374726,0.38228,0.300026
UWaveGestureLibrary,0.41103,0.46708,0.39516,,0.50711,0.4789,0.23579,0.36158,0.31744,0.25199,0.2803,0.37514,0.41463,0.27506,0.38555,0.39634,0.39628,0.3226,0.31804,0.30508,0.28823,0.28255,0.38641,0.33088,0.32439,0.33162,0.44138400000000005,0.40519,0.45848,0.35042,0.42172,0.54417,0.63034,0.6203019999999999,0.578548,0.6017300000000001,0.618486,0.4703860000000001,0.573682,0.27183599999999997,0.544302,0.525176,0.44213,0.539474,0.25382000000000005,0.48893799999999993,0.482298,0.5133479999999999,0.609044,0.320874,0.56536,0.5821400000000001,0.457182,0.5307660000000001,0.26829,0.45330200000000004,0.455766,0.671642,0.5125360000000001,0.538548,0.53537,0.5271960000000001,0.5399019999999999,0.45078,0.43982,0.33124,0.43432,0.48611,0.43711,0.33251,0.41347,0.32632,0.43469,0.24615,0.23048,0.42681,0.41778,0.2876,0.24506,0.37121,0.35712,0.42254,0.24491,0.36514,0.42971,0.44208,0.24894,0.32986,0.37912,0.3790220000000001,0.29277,0.33939,0.34618,0.42401,0.701314,0.762778,0.37407750000000006,0.750958,0.749886,0.740534,0.71879,0.750178,0.32278,0.583354,0.736786,0.725352,0.748096,0.4402480000000001,0.450708,0.431735,0.452082,0.43866000000000005,0.33621799999999996,0.35843200000000003,0.32039799999999996,0.367414,0.373334,0.357624,0.240212,0.333634,0.33500399999999997,0.38711399999999996,0.32065399999999994,0.330068,0.154724,0.49584599999999995,0.511852,0.48668999999999996,0.504974,0.514238,0.202712,0.21517,0.22527399999999997,0.23613,0.218132,0.22019399999999995,0.223692,0.40084600000000004,0.597578,0.6394680000000001,0.4470699999999999,0.6369640000000001,0.599078,0.432534,0.574814,0.30645,0.48165800000000003,0.425512,0.43924,0.40392400000000006,0.289776,0.385304,0.359148,0.40990400000000005,0.5023980000000001,0.275448,0.354832,0.508032,0.43507200000000007,0.5545,0.299294,0.499296,0.45765,0.49728000000000006,0.397858,0.519164,0.203296,0.515498,0.506666,0.44064800000000004,0.27167600000000003,0.42992800000000003,0.35626250000000004,0.25678799999999996,0.41868,0.41839200000000004,0.40404,0.24538199999999993,0.329458,0.122148,0.30316200000000004,0.313062,0.312336,0.21705000000000002,0.263278,0.10719400000000001,0.239668,0.286556,0.254596,0.222078,0.28656400000000004,0.087064,0.23215400000000003,0.282834,0.22239599999999998,0.20053,0.33217599999999997,0.080442,0.294766,0.317188,0.27197400000000005,0.34499399999999997,0.275374,0.45569,0.45227199999999995,0.452442,0.4749420000000001,0.467896,0.44244200000000006,0.349184,0.24769999999999998,0.47442199999999995,0.760546,0.679772,0.465194,0.35961800000000005,0.189272,0.38879,0.37201400000000007,0.779786,0.76174,0.30331199999999997,,,0.645366,0.43314,0.34558666666666665,,,0.7355866666666667,,0.279355,,,0.6720675,0.31823,0.32795399999999997,,,0.688906,0.333355,0.7732233333333333,0.35540666666666665,,0.34899,0.6333675000000001,0.41595000000000004,0.310822,0.4965959999999999,0.10146,0.551656,0.5046839999999999,0.45592000000000005,0.20389400000000002,0.489152,,0.366038,0.50175,0.44966799999999996,0.412638,0.23289400000000002,0.284708,0.10535400000000002,0.321062,0.322454,0.15252,0.16515200000000002,0.20350000000000001,0.094808,0.250958,0.23119,0.23272400000000001,0.16618799999999997,0.2242,0.11969999999999999,0.21249400000000002,0.244388,0.209378,0.213952,0.24137599999999998,0.12055600000000002,0.290128,0.24174199999999998,0.192876,0.27104,0.166748,0.35317999999999994,,0.369754,0.219136,0.355512
